"CustomerID","Age","SubscriptionTier","ContractDuration_Months","DataUsage_GB","UsageFrequency","SupportTickets","SatisfactionScore","Churn"
"CZA0001",54,"Premium",18,52.6,19,2,7,0
"CZA0002",31,"Standard",24,13.3,8.6,3,7,0
"CZA0003",42,"Basic",12,0.3,6.5,1,8,0
"CZA0004",46,"Premium",3,5.4,22.4,2,6,0
"CZA0005",43,"Basic",18,5.2,3.8,2,8,0
"CZA0006",37,"Basic",3,5.8,4.5,3,7,0
"CZA0007",56,"Basic",4,0.7,6.5,0,7,0
"CZA0008",37,"Basic",6,12,6.3,4,6,0
"CZA0009",62,"Standard",12,2.1,4.6,3,6,0
"CZA0010",37,"Standard",18,18.8,10.4,3,7,0
"CZA0011",54,"Standard",4,4.7,5.3,5,6,0
"CZA0012",65,"Standard",3,24.4,12.4,3,5,0
"CZA0013",21,"Basic",36,9.8,5.2,3,7,0
"CZA0014",35,"Basic",24,3.8,4.3,0,7,0
"CZA0015",36,"Standard",12,7.8,10.9,0,7,0
"CZA0016",46,"Basic",12,1,4.2,4,5,0
"CZA0017",35,"Standard",24,5,12.5,0,8,0
"CZA0018",18,"Basic",18,3,6.1,2,5,0
"CZA0019",18,"Basic",18,2,1.8,1,6,0
"CZA0020",54,"Premium",12,2.1,24.2,1,4,0
"CZA0021",34,"Standard",2,3.9,13.3,4,6,0
"CZA0022",18,"Basic",3,0.8,6.4,2,7,0
"CZA0023",36,"Standard",36,2.2,14.3,1,9,0
"CZA0024",53,"Standard",18,7.6,12.7,1,7,0
"CZA0025",61,"Basic",4,6.6,3.5,2,7,0
"CZA0026",33,"Basic",12,1.9,2.1,0,5,0
"CZA0027",35,"Standard",36,48.7,10,1,7,0
"CZA0028",18,"Standard",1,8.6,17.8,5,6,0
"CZA0029",44,"Basic",12,4.2,6,4,5,0
"CZA0030",30,"Basic",12,1.6,2,3,5,0
"CZA0031",43,"Standard",1,38.4,9.5,10,4,1
"CZA0032",46,"Standard",2,3.6,10.3,9,5,1
"CZA0033",50,"Standard",36,12.6,11.8,0,10,0
"CZA0034",31,"Standard",4,2.9,9.1,2,5,0
"CZA0035",44,"Standard",18,5.2,14.9,1,8,0
"CZA0036",18,"Standard",36,4.1,11.6,1,8,0
"CZA0037",29,"Basic",36,3.8,5,1,8,0
"CZA0038",28,"Standard",18,1.9,6.5,3,6,0
"CZA0039",18,"Standard",18,12.7,10.6,2,5,0
"CZA0040",38,"Standard",12,0.3,2.2,1,8,0
"CZA0041",40,"Premium",18,32.6,17.2,0,7,0
"CZA0042",34,"Standard",6,20.6,7.1,1,5,0
"CZA0043",47,"Basic",36,0.6,5.8,1,7,0
"CZA0044",29,"Basic",18,5.1,6.4,1,7,0
"CZA0045",22,"Premium",4,7.4,14.7,2,6,1
"CZA0046",43,"Basic",24,1.6,3.1,2,7,0
"CZA0047",28,"Premium",18,13.4,19.7,1,6,0
"CZA0048",55,"Standard",3,16.2,7.6,0,8,0
"CZA0049",33,"Standard",24,10.4,4.8,2,7,0
"CZA0050",46,"Standard",12,2.6,7.1,1,7,0
"CZA0051",42,"Basic",18,9.9,6.1,0,8,0
"CZA0052",29,"Basic",2,4.1,5.4,4,5,1
"CZA0053",57,"Standard",1,2.7,1,5,4,1
"CZA0054",46,"Basic",18,1.2,2.5,2,5,0
"CZA0055",39,"Basic",18,3.9,7,0,4,0
"CZA0056",41,"Basic",12,0.7,5.7,1,7,0
"CZA0057",46,"Standard",12,10.4,7.1,0,7,0
"CZA0058",39,"Basic",4,2.1,6.5,2,8,0
"CZA0059",18,"Standard",1,5.6,10.7,3,6,1
"CZA0060",41,"Basic",18,18.6,5.3,0,7,0
"CZA0061",34,"Basic",12,1.5,2.2,0,6,0
"CZA0062",40,"Standard",36,17,4.2,2,7,0
"CZA0063",45,"Basic",18,0.7,2.8,3,7,0
"CZA0064",55,"Basic",18,5.6,8.9,2,6,0
"CZA0065",29,"Basic",6,1.7,4.2,3,6,0
"CZA0066",54,"Basic",12,10.4,4.2,2,5,0
"CZA0067",42,"Basic",24,0.6,4.7,2,6,0
"CZA0068",50,"Standard",18,18.2,10.1,2,6,0
"CZA0069",49,"Standard",4,4.2,10.8,3,6,0
"CZA0070",47,"Basic",18,10.1,7.1,0,6,0
"CZA0071",25,"Standard",24,8.3,12.1,2,6,0
"CZA0072",37,"Basic",5,2.5,9.8,5,6,0
"CZA0073",45,"Premium",5,3.8,28,5,9,0
"CZA0074",27,"Basic",12,4.1,7.3,1,6,0
"CZA0075",31,"Basic",6,3.6,1,3,5,1
"CZA0076",45,"Basic",6,6.4,8.2,1,6,0
"CZA0077",47,"Standard",3,7.2,10.8,0,7,0
"CZA0078",44,"Premium",18,5,22.1,2,7,0
"CZA0079",27,"Standard",12,27.7,7.8,2,4,0
"CZA0080",25,"Basic",6,0.6,6.5,3,5,0
"CZA0081",56,"Standard",12,40.2,15.2,2,6,0
"CZA0082",41,"Standard",2,16.4,10.6,7,5,1
"CZA0083",39,"Standard",1,0.4,8.6,5,6,0
"CZA0084",37,"Basic",3,2.5,6.2,4,4,1
"CZA0085",24,"Standard",18,7.2,11.3,2,6,0
"CZA0086",45,"Standard",12,1.1,9.9,0,4,0
"CZA0087",35,"Standard",18,4,4.1,1,7,0
"CZA0088",36,"Standard",18,6.6,11.3,1,7,0
"CZA0089",49,"Basic",12,3.7,5,8,6,0
"CZA0090",48,"Standard",36,13,11,2,8,0
"CZA0091",55,"Basic",18,0.5,6.1,2,6,0
"CZA0092",32,"Basic",36,0.7,5.4,2,7,0
"CZA0093",46,"Standard",18,12.7,12.2,3,7,0
"CZA0094",55,"Standard",18,3.8,10.4,3,4,0
"CZA0095",25,"Standard",36,20.9,12,1,7,0
"CZA0096",28,"Basic",24,0.6,1,1,5,0
"CZA0097",24,"Standard",12,17.5,12.6,2,7,0
"CZA0098",20,"Standard",12,5.4,9.8,1,5,0
"CZA0099",39,"Basic",12,0.9,7.4,3,6,0
"CZA0100",46,"Basic",4,0.1,1,5,6,1
"CZA0101",52,"Basic",1,0.3,9.4,3,7,0
"CZA0102",51,"Standard",18,21.3,10.1,6,4,0
"CZA0103",26,"Basic",1,10.5,8.2,5,7,1
"CZA0104",60,"Basic",12,9.9,5.9,1,6,0
"CZA0105",30,"Basic",12,2.6,6.7,0,6,0
"CZA0106",39,"Standard",5,13.3,13.5,4,6,1
"CZA0107",33,"Basic",12,0.6,3.1,2,8,0
"CZA0108",37,"Basic",4,1.1,6.3,4,4,1
"CZA0109",40,"Basic",12,3.8,5.4,2,6,0
"CZA0110",39,"Basic",18,3.2,3.3,3,6,0
"CZA0111",38,"Basic",18,5.8,1,0,9,0
"CZA0112",39,"Premium",18,183.5,20.8,1,7,0
"CZA0113",32,"Basic",4,3.8,6.1,2,5,0
"CZA0114",32,"Premium",36,2.8,19.2,3,8,0
"CZA0115",18,"Premium",5,11.6,15.4,2,5,0
"CZA0116",33,"Basic",36,3.1,4.7,3,8,0
"CZA0117",32,"Standard",18,5,10,0,4,0
"CZA0118",70,"Standard",5,9.9,11.3,8,4,1
"CZA0119",22,"Premium",4,43.6,25.4,4,6,0
"CZA0120",40,"Basic",18,2.4,5.9,2,5,0
"CZA0121",20,"Standard",1,5.7,12,5,7,1
"CZA0122",20,"Standard",12,13.2,12.4,2,5,0
"CZA0123",39,"Basic",18,10.5,4.2,3,7,0
"CZA0124",26,"Premium",5,42.4,16.6,1,6,0
"CZA0125",38,"Basic",18,1,6.6,1,6,0
"CZA0126",33,"Premium",12,13.5,20.9,2,7,0
"CZA0127",31,"Standard",24,2.5,8.6,2,5,0
"CZA0128",18,"Standard",12,16.7,11.4,3,7,0
"CZA0129",23,"Standard",4,7.8,13.8,1,5,0
"CZA0130",40,"Basic",36,4,5.5,2,6,0
"CZA0131",45,"Standard",36,14.7,10.4,2,7,0
"CZA0132",32,"Standard",24,24.9,12.5,0,7,0
"CZA0133",38,"Basic",12,0.4,7.5,1,6,0
"CZA0134",51,"Basic",18,5,4.1,2,5,0
"CZA0135",55,"Standard",36,44.4,13.7,0,7,0
"CZA0136",25,"Basic",18,0,6.6,0,6,0
"CZA0137",37,"Basic",18,2.6,6.3,2,9,0
"CZA0138",52,"Premium",2,3.6,24.3,5,6,0
"CZA0139",32,"Standard",24,2.4,10,2,8,0
"CZA0140",37,"Standard",1,12.2,8.2,6,6,1
"CZA0141",37,"Premium",12,98.9,19.4,3,7,0
"CZA0142",27,"Basic",12,1.7,4.8,4,6,0
"CZA0143",33,"Basic",18,10.1,6.2,2,7,0
"CZA0144",38,"Standard",12,0.5,11.7,2,5,0
"CZA0145",33,"Standard",24,0.4,3.5,1,7,0
"CZA0146",51,"Basic",36,8.2,2.8,3,7,0
"CZA0147",32,"Basic",36,14.3,5.1,3,5,0
"CZA0148",33,"Premium",1,25.8,5,9,4,1
"CZA0149",46,"Basic",12,0.6,4.5,4,4,1
"CZA0150",25,"Standard",1,0.3,5.4,4,7,0
"CZA0151",38,"Basic",36,2.4,6.1,0,7,0
"CZA0152",19,"Basic",5,0.1,6.1,0,7,0
"CZA0153",52,"Standard",18,1.1,4.4,2,4,0
"CZA0154",35,"Standard",18,5.4,11,2,6,0
"CZA0155",32,"Standard",36,5.9,8.2,2,9,0
"CZA0156",23,"Basic",18,1.6,11.1,5,5,0
"CZA0157",38,"Standard",18,11.6,6.9,0,7,0
"CZA0158",28,"Standard",5,14.4,10.1,3,7,0
"CZA0159",32,"Standard",5,5,10.9,3,4,0
"CZA0160",53,"Premium",18,17.8,11.6,3,6,0
"CZA0161",36,"Basic",18,10.7,5.6,1,7,0
"CZA0162",25,"Premium",3,20.7,8.2,5,5,0
"CZA0163",40,"Standard",18,6,11.1,2,8,0
"CZA0164",34,"Basic",12,5.7,8.4,4,6,0
"CZA0165",45,"Standard",1,0.1,12.7,6,5,0
"CZA0166",55,"Basic",36,0.8,6.7,4,6,0
"CZA0167",26,"Standard",24,10.5,6.5,2,6,0
"CZA0168",43,"Basic",12,10.6,5.6,3,7,0
"CZA0169",39,"Basic",18,2.2,1,0,6,0
"CZA0170",49,"Standard",12,1.8,10,4,6,0
"CZA0171",35,"Standard",18,4.4,8.8,0,7,0
"CZA0172",48,"Standard",12,59.8,10,3,6,1
"CZA0173",18,"Standard",12,5.1,8.5,1,5,0
"CZA0174",58,"Basic",3,2,2,6,6,1
"CZA0175",48,"Standard",18,2.3,10.3,1,6,0
"CZA0176",36,"Standard",18,7.1,10.1,3,5,0
"CZA0177",21,"Standard",2,5.4,10,5,5,0
"CZA0178",46,"Standard",12,16.8,9.7,0,6,0
"CZA0179",44,"Basic",2,10,5.4,3,7,1
"CZA0180",38,"Standard",18,3.1,6.7,1,7,0
"CZA0181",40,"Standard",4,11.8,5.6,3,6,0
"CZA0182",31,"Premium",24,57.1,15.3,2,6,0
"CZA0183",42,"Basic",2,2.5,4.7,2,6,0
"CZA0184",42,"Basic",5,4.1,6.8,2,5,0
"CZA0185",35,"Standard",18,20.7,10.7,4,5,1
"CZA0186",22,"Basic",2,4.2,1.5,8,4,1
"CZA0187",46,"Standard",12,46.2,8.8,2,6,1
"CZA0188",45,"Standard",12,20.1,8.3,2,6,0
"CZA0189",28,"Basic",4,5,6.8,2,7,0
"CZA0190",19,"Premium",18,9.8,17.5,4,6,0
"CZA0191",40,"Basic",12,0.1,6.9,3,7,0
"CZA0192",34,"Standard",18,5.7,11.9,1,5,0
"CZA0193",41,"Premium",18,10.3,10.5,1,7,0
"CZA0194",22,"Premium",2,10.6,25.2,5,4,1
"CZA0195",26,"Basic",12,3.5,4.2,2,6,0
"CZA0196",51,"Standard",18,9.9,13.7,1,6,0
"CZA0197",43,"Standard",24,2.3,11.3,0,9,0
"CZA0198",45,"Standard",12,14,11.8,1,5,0
"CZA0199",60,"Premium",18,11.7,20.1,1,7,0
"CZA0200",40,"Basic",24,2.5,2.7,4,6,1
"CZA0201",18,"Standard",1,10.5,12.1,2,6,0
"CZA0202",42,"Basic",12,2,6.6,2,7,0
"CZA0203",52,"Standard",24,12.1,6.9,1,8,0
"CZA0204",63,"Standard",12,10.5,6.9,2,4,0
"CZA0205",21,"Standard",3,7.8,13.5,3,7,0
"CZA0206",24,"Basic",18,6.2,6.6,2,7,0
"CZA0207",30,"Basic",18,0.9,8.4,1,5,0
"CZA0208",25,"Standard",18,3.8,10.7,1,5,0
"CZA0209",30,"Basic",2,2.7,8.9,2,6,0
"CZA0210",36,"Standard",36,6.8,7.5,1,7,0
"CZA0211",24,"Basic",36,1.2,8.1,3,6,0
"CZA0212",62,"Standard",12,9.4,9.2,0,6,0
"CZA0213",39,"Basic",2,7.6,4.1,2,4,1
"CZA0214",37,"Basic",12,0.9,4.1,2,5,0
"CZA0215",44,"Standard",18,14.2,6.9,3,5,0
"CZA0216",38,"Standard",12,20.4,8.7,1,6,0
"CZA0217",36,"Premium",36,26.7,16.1,3,8,0
"CZA0218",56,"Standard",24,2.1,9.3,3,5,0
"CZA0219",35,"Basic",24,5.5,3.9,0,6,0
"CZA0220",23,"Basic",1,2.2,5.8,10,5,1
"CZA0221",43,"Standard",12,10.8,14.5,2,7,0
"CZA0222",34,"Basic",12,3.3,2.6,0,6,0
"CZA0223",32,"Basic",3,15,5.9,1,7,1
"CZA0224",25,"Standard",36,16.6,9.5,0,7,0
"CZA0225",43,"Basic",2,13,5.8,6,4,1
"CZA0226",36,"Standard",18,3.7,6.9,1,5,0
"CZA0227",44,"Premium",6,22.9,9.3,4,7,0
"CZA0228",35,"Standard",18,10,11.3,1,5,0
"CZA0229",30,"Basic",2,4.2,3.6,3,5,1
"CZA0230",53,"Basic",24,0.4,6.3,2,5,0
"CZA0231",35,"Standard",12,4.1,4.4,5,7,0
"CZA0232",49,"Basic",6,0.9,6.3,3,6,0
"CZA0233",24,"Basic",1,2.3,4.4,6,5,1
"CZA0234",32,"Basic",18,3,9.8,0,7,0
"CZA0235",35,"Standard",18,1.2,7.4,2,6,0
"CZA0236",33,"Premium",4,4.3,25.5,3,6,0
"CZA0237",54,"Basic",12,6.2,7.1,2,6,0
"CZA0238",38,"Basic",18,4.6,3.8,1,7,0
"CZA0239",41,"Premium",4,13.3,17.2,5,5,0
"CZA0240",27,"Premium",18,6.2,15.1,1,6,0
"CZA0241",29,"Standard",5,1.8,10.3,0,7,0
"CZA0242",50,"Standard",36,5.1,10.5,2,6,0
"CZA0243",53,"Premium",18,59,13.1,2,5,0
"CZA0244",53,"Standard",12,9.2,11.6,2,4,1
"CZA0245",21,"Premium",18,15.2,24.2,0,6,0
"CZA0246",63,"Standard",18,7.2,14.2,3,2,1
"CZA0247",50,"Standard",12,5.5,6.7,3,7,0
"CZA0248",38,"Standard",12,36.5,9.8,1,6,0
"CZA0249",46,"Standard",6,11.3,8.3,2,7,0
"CZA0250",26,"Basic",4,6.1,5.1,3,9,0
"CZA0251",25,"Standard",18,20.3,10.4,4,5,0
"CZA0252",39,"Standard",6,9.9,7.5,2,5,1
"CZA0253",24,"Standard",3,3.2,9.8,5,6,1
"CZA0254",40,"Basic",4,1.8,7.1,4,6,0
"CZA0255",54,"Basic",1,4.4,4.7,9,5,1
"CZA0256",26,"Basic",18,1.5,4.2,2,7,0
"CZA0257",29,"Standard",12,9.6,11.7,2,7,0
"CZA0258",39,"Basic",12,5.7,5.4,1,6,0
"CZA0259",26,"Standard",5,7.2,11.3,1,6,0
"CZA0260",33,"Basic",12,6.4,6.4,3,6,1
"CZA0261",48,"Standard",18,2.6,9.1,2,8,0
"CZA0262",50,"Premium",36,52.2,16.3,3,4,0
"CZA0263",43,"Basic",12,1.2,2.8,6,6,0
"CZA0264",18,"Basic",36,2.8,3,3,6,0
"CZA0265",37,"Basic",12,3,6.7,2,6,0
"CZA0266",51,"Basic",2,5.9,4.5,4,5,1
"CZA0267",48,"Premium",1,52,17.8,9,4,1
"CZA0268",36,"Standard",12,42.5,8.7,1,5,0
"CZA0269",18,"Standard",4,1.8,8.4,2,8,0
"CZA0270",39,"Basic",36,0.4,6.4,0,6,0
"CZA0271",45,"Standard",24,0.5,9.1,4,6,0
"CZA0272",39,"Standard",24,4.7,7.3,3,5,0
"CZA0273",40,"Basic",12,4.7,3.3,1,7,0
"CZA0274",43,"Standard",6,3.8,11.1,4,7,0
"CZA0275",33,"Basic",18,6.5,1.6,1,7,0
"CZA0276",54,"Basic",18,1.2,5.6,2,7,0
"CZA0277",44,"Basic",4,3.5,2.2,5,4,1
"CZA0278",23,"Basic",18,9.3,4.1,0,7,0
"CZA0279",55,"Basic",24,1.5,2.4,2,8,0
"CZA0280",52,"Basic",36,5.5,8.6,1,8,0
"CZA0281",48,"Standard",36,4.2,12,4,8,0
"CZA0282",18,"Basic",6,8.4,5.6,3,5,0
"CZA0283",31,"Premium",18,54.7,22.5,2,7,0
"CZA0284",46,"Basic",4,2.8,7.6,2,4,1
"CZA0285",39,"Basic",18,0.9,1.8,2,6,0
"CZA0286",42,"Premium",36,52.7,13.9,2,7,0
"CZA0287",68,"Basic",24,2,6.5,4,7,0
"CZA0288",28,"Premium",12,35.2,15.6,1,6,0
"CZA0289",18,"Standard",24,2.3,11.3,0,7,0
"CZA0290",41,"Basic",18,2.3,5.9,2,5,1
"CZA0291",30,"Standard",5,1.3,10.2,2,4,1
"CZA0292",43,"Standard",12,9.3,15.5,0,5,0
"CZA0293",28,"Standard",36,8.3,10,0,6,0
"CZA0294",65,"Standard",12,17.6,9.6,1,6,0
"CZA0295",37,"Standard",18,25.4,11.8,2,5,0
"CZA0296",32,"Basic",6,7.8,5.2,4,5,1
"CZA0297",36,"Premium",12,0.1,9.8,1,5,0
"CZA0298",48,"Standard",12,4,10,1,5,0
"CZA0299",39,"Standard",18,8.1,6.4,1,6,0
"CZA0300",18,"Basic",12,4.2,5.4,4,6,0
"CZA0301",38,"Standard",6,2.2,8.3,0,6,0
"CZA0302",47,"Basic",12,6.7,1,2,6,0
"CZA0303",38,"Premium",18,6.3,15.5,2,6,0
"CZA0304",47,"Basic",24,2.2,4.7,3,6,0
"CZA0305",36,"Basic",18,0.2,7.6,3,5,0
"CZA0306",37,"Basic",12,5,6.1,2,7,0
"CZA0307",44,"Basic",18,2.2,6.4,2,8,0
"CZA0308",50,"Premium",12,3,20.2,3,5,1
"CZA0309",23,"Premium",6,21,5.4,3,7,1
"CZA0310",38,"Premium",18,37.6,19.3,3,7,0
"CZA0311",37,"Basic",18,1.1,6.6,0,7,0
"CZA0312",29,"Premium",18,2.1,10.9,1,7,0
"CZA0313",26,"Premium",2,11.3,14.5,2,6,0
"CZA0314",30,"Premium",12,5.4,11.4,5,5,0
"CZA0315",45,"Basic",4,0.2,5.7,3,6,0
"CZA0316",33,"Standard",3,0.9,9.9,4,6,1
"CZA0317",29,"Standard",12,17.4,13.1,5,4,0
"CZA0318",40,"Standard",4,4,9.5,1,7,0
"CZA0319",23,"Standard",18,1.8,12,1,5,0
"CZA0320",51,"Premium",3,18,15.5,6,5,0
"CZA0321",32,"Basic",24,1,5.5,5,7,0
"CZA0322",40,"Basic",12,0.4,2.4,1,7,0
"CZA0323",39,"Standard",36,8.1,6.1,1,8,0
"CZA0324",38,"Basic",4,5.9,4,0,6,0
"CZA0325",60,"Basic",24,0.9,5.7,1,7,0
"CZA0326",28,"Premium",24,6.6,23.5,2,8,0
"CZA0327",52,"Premium",6,74.5,14,3,6,0
"CZA0328",38,"Basic",2,3,3.9,2,6,0
"CZA0329",28,"Basic",12,1.1,3.9,3,6,0
"CZA0330",37,"Premium",36,42.7,23.1,1,6,0
"CZA0331",47,"Standard",2,16,12,9,5,1
"CZA0332",33,"Standard",6,25.2,8.4,1,5,0
"CZA0333",29,"Standard",4,14.1,9.1,4,6,0
"CZA0334",40,"Standard",12,3.2,13,0,6,0
"CZA0335",50,"Standard",36,1.9,11.2,1,6,0
"CZA0336",37,"Standard",2,2.2,15.6,3,6,0
"CZA0337",21,"Standard",12,7.5,8.5,1,6,0
"CZA0338",22,"Standard",12,32.5,9.3,3,4,0
"CZA0339",29,"Basic",12,8.1,4,3,6,1
"CZA0340",32,"Standard",6,8.4,9.3,0,7,0
"CZA0341",38,"Basic",36,0.3,8.4,0,6,0
"CZA0342",46,"Premium",12,60.8,16.8,5,5,0
"CZA0343",33,"Basic",12,3.3,1.7,1,7,0
"CZA0344",25,"Standard",36,2.3,6.6,4,6,0
"CZA0345",45,"Basic",18,1.8,8.2,2,7,0
"CZA0346",41,"Basic",2,0.2,3.4,2,6,1
"CZA0347",52,"Standard",5,3.3,7.1,1,6,0
"CZA0348",18,"Premium",36,5.4,20.6,6,5,1
"CZA0349",39,"Basic",18,5.7,4,3,7,0
"CZA0350",54,"Standard",36,6.5,14.6,0,8,0
"CZA0351",47,"Basic",18,0.1,4.6,2,5,0
"CZA0352",28,"Basic",12,0.9,7.4,2,6,0
"CZA0353",47,"Basic",12,0.4,4.7,0,6,0
"CZA0354",28,"Standard",12,6.6,6.3,1,7,0
"CZA0355",33,"Premium",36,6.6,20.2,1,5,0
"CZA0356",52,"Premium",18,21.4,8.1,4,5,0
"CZA0357",35,"Standard",18,10.5,9,1,5,0
"CZA0358",48,"Basic",12,0.1,1,0,7,0
"CZA0359",35,"Premium",36,5.9,21.4,1,10,0
"CZA0360",19,"Basic",24,0.9,8.3,1,8,0
"CZA0361",28,"Basic",36,3.1,4.9,2,7,0
"CZA0362",25,"Basic",18,0.5,5.9,0,5,0
"CZA0363",32,"Standard",18,1.3,10.2,2,5,0
"CZA0364",34,"Standard",12,14,14.4,3,8,1
"CZA0365",36,"Standard",18,0,5.4,2,7,0
"CZA0366",35,"Standard",6,22.5,2.6,3,7,0
"CZA0367",61,"Standard",3,5.5,11.3,1,5,0
"CZA0368",21,"Standard",5,14.6,12.7,2,7,0
"CZA0369",33,"Standard",6,9.7,6.2,3,7,1
"CZA0370",42,"Premium",12,98.1,18.5,1,7,0
"CZA0371",58,"Standard",24,9.9,10.1,1,6,0
"CZA0372",39,"Standard",18,1.2,6.8,0,6,0
"CZA0373",53,"Standard",18,1.1,9.5,1,7,0
"CZA0374",18,"Standard",3,5.1,7.7,3,7,0
"CZA0375",55,"Standard",6,34,9.3,1,7,0
"CZA0376",30,"Standard",18,15.6,10.3,0,5,0
"CZA0377",35,"Standard",24,14.7,8.2,4,7,0
"CZA0378",25,"Basic",18,1.7,5.7,5,6,0
"CZA0379",40,"Standard",24,6.8,12.1,1,6,0
"CZA0380",59,"Standard",24,7.4,11.6,0,7,0
"CZA0381",67,"Basic",6,2.4,5.5,5,7,0
"CZA0382",25,"Basic",36,0.8,7.7,1,7,0
"CZA0383",44,"Basic",4,6.1,2.1,0,6,0
"CZA0384",55,"Basic",12,0.2,5.8,1,5,0
"CZA0385",36,"Basic",2,4.4,8,4,6,0
"CZA0386",35,"Premium",18,31.2,17.7,2,6,0
"CZA0387",34,"Basic",24,2,4.1,3,6,0
"CZA0388",45,"Standard",3,5.2,9.3,3,6,0
"CZA0389",55,"Basic",36,7.6,3,2,5,0
"CZA0390",46,"Basic",1,0.5,2,7,5,1
"CZA0391",42,"Premium",18,34.5,12.3,2,6,0
"CZA0392",34,"Standard",36,1.6,15.2,1,8,0
"CZA0393",44,"Standard",5,5.5,14.4,0,6,0
"CZA0394",31,"Basic",12,8,5.3,1,7,0
"CZA0395",35,"Standard",24,14.8,2.4,2,6,0
"CZA0396",51,"Basic",12,1.2,2.3,3,6,0
"CZA0397",43,"Basic",36,1.3,1.2,3,10,0
"CZA0398",41,"Premium",5,24.2,7.2,7,6,1
"CZA0399",35,"Basic",18,2.7,5,3,6,0
"CZA0400",49,"Basic",12,10.9,2.6,3,7,0
"CZA0401",54,"Standard",24,3.5,2.9,1,5,0
"CZA0402",28,"Standard",36,4,10.7,2,7,0
"CZA0403",39,"Basic",18,3.2,6,2,5,0
"CZA0404",39,"Basic",18,1.3,3.2,2,6,1
"CZA0405",31,"Basic",12,3.3,8.7,1,6,0
"CZA0406",26,"Premium",4,38.3,17.5,3,7,1
"CZA0407",38,"Basic",24,1.4,4.2,1,6,0
"CZA0408",46,"Standard",36,44.2,9.4,0,7,0
"CZA0409",56,"Basic",5,5.4,4.3,2,5,1
"CZA0410",18,"Basic",18,1.7,5,2,8,0
"CZA0411",30,"Basic",36,3,1.4,1,8,0
"CZA0412",34,"Basic",36,6.4,5.1,1,8,0
"CZA0413",18,"Standard",24,1.2,10.3,2,4,0
"CZA0414",29,"Basic",18,8.8,8.5,2,8,0
"CZA0415",29,"Premium",24,5,13.1,3,6,0
"CZA0416",29,"Basic",18,1.1,5.9,4,7,1
"CZA0417",18,"Basic",18,3.4,5,2,7,0
"CZA0418",41,"Basic",24,0.7,4.3,1,7,0
"CZA0419",30,"Standard",18,0.8,11.4,1,6,0
"CZA0420",56,"Standard",24,13.2,14.9,2,8,0
"CZA0421",48,"Standard",18,1,6,2,6,0
"CZA0422",21,"Basic",18,0.7,6.5,1,9,0
"CZA0423",39,"Basic",12,1.1,4.2,1,6,0
"CZA0424",31,"Basic",12,9.3,2.4,4,5,1
"CZA0425",49,"Basic",6,10.3,4.2,5,5,1
"CZA0426",39,"Standard",12,22.7,8.2,4,6,0
"CZA0427",31,"Premium",18,58.5,14.2,2,5,0
"CZA0428",43,"Premium",36,79.8,20.6,3,6,0
"CZA0429",40,"Basic",4,10.8,6.5,2,6,1
"CZA0430",36,"Standard",36,4.2,9.6,3,5,0
"CZA0431",62,"Standard",1,23.5,12.4,4,7,0
"CZA0432",32,"Premium",18,35.1,27.4,2,6,0
"CZA0433",32,"Premium",5,10.1,20.2,3,5,0
"CZA0434",19,"Basic",12,10.2,6,2,8,0
"CZA0435",38,"Standard",12,8.4,11.1,2,7,1
"CZA0436",49,"Standard",24,9.2,9.8,2,8,0
"CZA0437",18,"Basic",12,1.6,5.3,3,7,0
"CZA0438",35,"Premium",36,185.8,16,2,7,0
"CZA0439",24,"Basic",5,8.4,2.4,2,6,1
"CZA0440",55,"Basic",18,0.1,2.6,1,6,0
"CZA0441",54,"Basic",18,10.7,1.5,1,8,0
"CZA0442",42,"Premium",12,59.6,13.9,2,6,0
"CZA0443",55,"Basic",4,2.2,5.7,3,6,0
"CZA0444",28,"Standard",36,17.9,9.7,2,6,0
"CZA0445",49,"Standard",3,17.1,10.2,4,5,0
"CZA0446",31,"Standard",36,34.3,9.8,1,7,0
"CZA0447",42,"Premium",1,3.6,11.5,9,6,1
"CZA0448",34,"Standard",18,2.9,12.9,0,7,0
"CZA0449",35,"Standard",18,8.6,12.1,2,8,0
"CZA0450",45,"Standard",2,2.9,9.3,5,5,0
"CZA0451",22,"Standard",18,2.8,9.5,2,5,0
"CZA0452",35,"Basic",36,3.5,6.6,2,7,0
"CZA0453",40,"Basic",12,0.3,6.5,1,6,0
"CZA0454",33,"Standard",4,5.7,1,1,6,0
"CZA0455",39,"Basic",5,2.3,7.6,4,7,0
"CZA0456",34,"Standard",36,27.6,10.9,1,6,0
"CZA0457",57,"Basic",24,0.3,3.7,1,7,0
"CZA0458",47,"Basic",18,10.3,3.4,2,5,0
"CZA0459",74,"Basic",18,0.2,6,7,7,0
"CZA0460",28,"Basic",5,27.1,8.8,5,6,0
"CZA0461",48,"Standard",18,7,13.1,0,6,0
"CZA0462",63,"Basic",24,4,4.1,3,6,0
"CZA0463",42,"Basic",18,0.6,3.5,1,6,0
"CZA0464",25,"Basic",12,4.6,3,1,7,0
"CZA0465",26,"Basic",18,2.8,6.7,2,7,0
"CZA0466",38,"Standard",12,34.8,8.3,6,5,1
"CZA0467",54,"Premium",12,59.5,19.9,2,7,0
"CZA0468",47,"Standard",24,15.6,10.8,3,8,0
"CZA0469",18,"Basic",18,2.1,2.1,1,8,0
"CZA0470",30,"Basic",24,1,5.5,2,6,0
"CZA0471",38,"Premium",12,31.2,14.4,4,6,0
"CZA0472",21,"Basic",24,8.1,3.8,2,8,0
"CZA0473",46,"Standard",12,7.3,12.6,3,5,1
"CZA0474",18,"Premium",36,18,12.6,1,6,0
"CZA0475",40,"Basic",2,3.5,8.6,8,5,1
"CZA0476",33,"Standard",3,12.1,8.1,4,6,1
"CZA0477",32,"Basic",36,2,4.8,1,6,0
"CZA0478",35,"Standard",3,6.3,10.3,4,6,0
"CZA0479",42,"Standard",18,1.9,9.8,0,5,0
"CZA0480",43,"Basic",24,0.6,3.3,1,5,0
"CZA0481",35,"Basic",18,3.3,6.1,3,6,0
"CZA0482",18,"Basic",12,5.4,9,2,6,0
"CZA0483",21,"Standard",1,21.4,10.1,7,5,0
"CZA0484",20,"Standard",36,9.4,7,0,6,0
"CZA0485",47,"Basic",18,1.6,5,3,6,0
"CZA0486",35,"Standard",12,4.5,9.3,4,5,0
"CZA0487",41,"Standard",12,25.8,13.5,2,7,0
"CZA0488",19,"Basic",24,9.5,3.2,1,7,0
"CZA0489",32,"Standard",6,20.7,9.2,1,7,0
"CZA0490",45,"Standard",12,11.4,13.1,0,7,0
"CZA0491",36,"Premium",18,32.8,19.1,1,5,0
"CZA0492",37,"Basic",36,8.2,7.4,1,5,0
"CZA0493",37,"Premium",18,1.1,9.6,3,5,0
"CZA0494",53,"Premium",12,0,14.4,2,6,0
"CZA0495",31,"Premium",18,10.7,14.5,4,6,0
"CZA0496",46,"Standard",12,1.3,9.7,3,5,0
"CZA0497",49,"Standard",5,1.6,6.2,4,5,1
"CZA0498",24,"Standard",1,8.9,8.3,3,7,0
"CZA0499",39,"Basic",12,0.2,1.3,1,6,0
"CZA0500",38,"Basic",12,1.1,6.2,2,8,0
"CZA0501",50,"Standard",12,32.2,8.7,1,6,0
"CZA0502",49,"Premium",5,6,19.2,3,7,0
"CZA0503",38,"Standard",18,9.6,9.7,4,7,0
"CZA0504",40,"Standard",36,3.6,11.8,1,7,0
"CZA0505",29,"Premium",1,30.6,20.1,5,5,0
"CZA0506",36,"Basic",12,2.3,1.4,1,6,0
"CZA0507",26,"Standard",36,4.5,6.2,0,7,0
"CZA0508",26,"Basic",18,3,3.1,0,7,0
"CZA0509",23,"Standard",18,12.3,4.5,2,5,1
"CZA0510",48,"Premium",5,22.9,7.3,3,6,0
"CZA0511",51,"Basic",4,1.6,7,2,5,0
"CZA0512",33,"Basic",24,0.2,4.8,0,7,0
"CZA0513",24,"Premium",18,2.5,17.3,2,7,0
"CZA0514",37,"Standard",4,1.2,9.1,1,6,0
"CZA0515",65,"Standard",12,14.2,6.8,1,9,0
"CZA0516",62,"Standard",18,15.4,11.6,3,6,0
"CZA0517",18,"Standard",36,9.6,10.9,1,8,0
"CZA0518",34,"Basic",1,1.5,4.8,5,7,1
"CZA0519",56,"Basic",18,5.9,5.8,0,5,0
"CZA0520",38,"Standard",3,4,13.3,3,5,0
"CZA0521",57,"Premium",24,24.4,10.4,1,4,0
"CZA0522",34,"Standard",12,7.2,12.1,3,4,1
"CZA0523",45,"Standard",18,30.8,12.9,1,6,0
"CZA0524",41,"Standard",6,8.4,9.5,2,5,0
"CZA0525",77,"Premium",3,14.3,16.8,6,7,0
"CZA0526",49,"Basic",18,0.4,6.1,2,5,0
"CZA0527",24,"Standard",24,8.8,6,4,7,0
"CZA0528",31,"Basic",1,2.3,5.5,4,5,1
"CZA0529",42,"Standard",24,7.2,10.3,0,8,0
"CZA0530",18,"Basic",12,4.2,5.8,1,6,0
"CZA0531",18,"Standard",18,43.4,10,1,7,0
"CZA0532",25,"Standard",24,10.8,10,1,8,0
"CZA0533",34,"Standard",3,3.4,9,1,6,0
"CZA0534",53,"Basic",18,3.1,6.1,2,7,0
"CZA0535",35,"Basic",36,7.7,3.4,4,7,0
"CZA0536",40,"Basic",36,5.6,6.8,0,8,0
"CZA0537",37,"Standard",18,10.6,6.9,2,6,0
"CZA0538",30,"Premium",36,31.7,19.3,2,6,0
"CZA0539",54,"Premium",4,34.7,18.4,3,6,0
"CZA0540",25,"Standard",24,6.5,17.5,0,9,0
"CZA0541",35,"Basic",18,0.5,5,3,7,0
"CZA0542",34,"Standard",36,8.6,6.1,2,7,0
"CZA0543",44,"Basic",12,0.2,3.7,1,5,0
"CZA0544",57,"Basic",12,4.2,3.5,4,4,0
"CZA0545",44,"Standard",18,6,12.5,2,8,0
"CZA0546",55,"Standard",12,14.6,5.9,2,5,0
"CZA0547",47,"Standard",3,1,8.2,3,7,0
"CZA0548",31,"Premium",18,12.2,22.9,2,7,0
"CZA0549",39,"Standard",12,5.6,8.7,1,7,0
"CZA0550",55,"Premium",4,28.6,19.2,4,6,0
"CZA0551",19,"Basic",36,7.3,5.8,0,7,0
"CZA0552",42,"Basic",12,0.9,5,0,5,0
"CZA0553",36,"Basic",12,0.8,5.9,1,7,1
"CZA0554",49,"Standard",2,11.8,9.1,3,4,0
"CZA0555",47,"Premium",12,19.6,23.3,5,6,0
"CZA0556",42,"Basic",12,1.7,8.4,1,7,0
"CZA0557",56,"Basic",5,1.7,2.6,4,6,1
"CZA0558",20,"Basic",12,10.9,8.4,0,6,0
"CZA0559",49,"Basic",18,18.1,1.8,4,5,0
"CZA0560",19,"Basic",2,9,5.9,7,7,1
"CZA0561",45,"Basic",5,0.9,9.3,5,7,1
"CZA0562",39,"Standard",24,16.2,9.3,2,6,0
"CZA0563",50,"Standard",36,7.3,9.2,0,8,0
"CZA0564",39,"Standard",18,23.2,13.3,3,5,0
"CZA0565",19,"Basic",36,5.5,2.5,1,7,0
"CZA0566",18,"Basic",12,4.8,3.9,2,5,0
"CZA0567",44,"Basic",6,0.7,4.5,1,8,0
"CZA0568",37,"Basic",24,1.1,5.5,2,7,0
"CZA0569",31,"Standard",12,19.9,4.9,2,5,0
"CZA0570",34,"Standard",5,11.7,8.9,6,6,0
"CZA0571",30,"Basic",18,3.3,6.6,0,8,0
"CZA0572",36,"Standard",24,14.2,10.5,2,7,0
"CZA0573",27,"Premium",18,14.4,16.4,2,8,0
"CZA0574",18,"Basic",12,3.3,5.4,2,5,1
"CZA0575",35,"Standard",18,14.7,7.1,0,5,0
"CZA0576",51,"Basic",12,4.3,4.7,2,6,0
"CZA0577",61,"Premium",18,4.9,11.7,2,7,0
"CZA0578",38,"Standard",36,8.5,14.5,2,10,0
"CZA0579",37,"Standard",4,10.5,11,1,6,0
"CZA0580",50,"Standard",24,4.8,10.6,2,7,0
"CZA0581",39,"Premium",24,46.1,7.8,1,7,0
"CZA0582",33,"Basic",18,0.5,2.6,1,5,0
"CZA0583",18,"Standard",12,1.5,10.1,1,6,0
"CZA0584",23,"Basic",2,2.3,4.1,3,8,0
"CZA0585",43,"Basic",18,7.4,6.5,2,5,0
"CZA0586",20,"Basic",1,0.5,7.1,3,5,0
"CZA0587",51,"Basic",12,5.1,2.8,1,6,0
"CZA0588",22,"Premium",4,3.2,17,2,6,0
"CZA0589",36,"Basic",3,0.3,8.7,4,6,0
"CZA0590",38,"Premium",1,12.6,21.4,6,4,0
"CZA0591",38,"Basic",1,3.7,7,5,5,1
"CZA0592",40,"Basic",18,1.3,3.4,1,6,0
"CZA0593",45,"Standard",18,11.7,13,2,5,0
"CZA0594",36,"Standard",12,5.6,5,2,7,0
"CZA0595",35,"Premium",18,12.9,16.5,1,6,0
"CZA0596",40,"Standard",12,10.1,8.2,2,4,0
"CZA0597",33,"Basic",1,2.2,7.9,5,7,1
"CZA0598",56,"Standard",24,0.5,9,0,9,0
"CZA0599",18,"Basic",18,1.1,4.2,1,6,0
"CZA0600",50,"Premium",36,8.1,14.4,1,7,0
"CZA0601",35,"Standard",18,4.6,10.3,1,6,0
"CZA0602",43,"Standard",5,1.6,11.5,3,5,0
"CZA0603",50,"Standard",12,12.4,5.3,2,7,0
"CZA0604",48,"Standard",36,8.3,9.6,2,7,0
"CZA0605",30,"Premium",18,27.4,25.6,4,6,0
"CZA0606",57,"Standard",18,9.7,8.7,2,6,0
"CZA0607",19,"Basic",18,0.9,3.3,1,6,0
"CZA0608",48,"Standard",2,3.1,11.8,2,6,0
"CZA0609",32,"Standard",12,24.6,11.8,1,6,0
"CZA0610",18,"Basic",12,6.2,2.2,4,4,0
"CZA0611",18,"Basic",12,1,8.5,0,6,0
"CZA0612",41,"Standard",4,2.8,10.6,3,6,0
"CZA0613",65,"Basic",36,11.9,8.4,2,8,0
"CZA0614",41,"Premium",6,1.8,12.7,2,6,0
"CZA0615",52,"Standard",36,3.8,10.3,2,8,0
"CZA0616",48,"Basic",12,1.1,4.6,4,7,0
"CZA0617",30,"Basic",24,0.9,8.9,1,6,0
"CZA0618",49,"Standard",2,9,7.7,3,3,1
"CZA0619",42,"Standard",3,13.9,12.4,2,6,0
"CZA0620",40,"Standard",24,2.3,6.7,4,7,0
"CZA0621",50,"Premium",12,37.1,19.5,1,4,0
"CZA0622",47,"Standard",12,0.2,13.6,2,7,0
"CZA0623",30,"Basic",5,4.3,9.2,1,6,1
"CZA0624",43,"Standard",18,4.3,7.7,0,8,0
"CZA0625",27,"Basic",36,1.2,4.5,6,6,0
"CZA0626",46,"Standard",6,3.7,12.2,3,5,0
"CZA0627",33,"Standard",24,17.6,3.6,0,7,0
"CZA0628",43,"Basic",12,4.4,2.1,4,7,0
"CZA0629",42,"Basic",3,0.8,5.2,3,6,1
"CZA0630",35,"Standard",6,6.4,7.9,1,7,0
"CZA0631",44,"Standard",36,0.5,12.3,3,6,0
"CZA0632",45,"Standard",12,5.2,12.6,0,7,0
"CZA0633",35,"Standard",5,17.5,19.9,1,6,0
"CZA0634",52,"Premium",18,18.1,13.2,2,6,0
"CZA0635",55,"Basic",18,0.5,3.1,2,6,0
"CZA0636",30,"Premium",18,17.1,15.7,0,7,0
"CZA0637",29,"Premium",18,10.9,15.9,1,6,0
"CZA0638",44,"Premium",18,16.2,22.9,1,7,0
"CZA0639",27,"Standard",36,1.8,6.5,3,8,0
"CZA0640",33,"Basic",18,8.6,4.5,1,6,0
"CZA0641",48,"Standard",1,7.7,11.4,7,3,0
"CZA0642",31,"Standard",18,10.7,13.4,3,6,0
"CZA0643",18,"Premium",18,70,15.3,4,7,0
"CZA0644",46,"Basic",3,3.6,4.2,0,7,0
"CZA0645",19,"Standard",18,17.2,13.6,1,6,0
"CZA0646",22,"Standard",12,10.1,6.7,0,7,0
"CZA0647",18,"Basic",18,0.2,1.2,2,6,0
"CZA0648",48,"Basic",24,6.6,5.7,1,7,0
"CZA0649",41,"Standard",2,0.6,6.1,4,5,0
"CZA0650",44,"Standard",4,7.7,9.1,1,7,0
"CZA0651",48,"Basic",12,3.2,3,3,7,0
"CZA0652",37,"Standard",12,11.2,9.3,2,5,0
"CZA0653",25,"Standard",18,25.5,7.6,3,5,0
"CZA0654",45,"Premium",36,42.1,23.8,1,8,0
"CZA0655",54,"Premium",36,1,15.3,1,7,0
"CZA0656",20,"Premium",18,63.1,27.5,1,8,0
"CZA0657",31,"Standard",4,10.4,13.9,4,6,0
"CZA0658",34,"Basic",36,1.8,3.3,4,7,0
"CZA0659",23,"Basic",5,2.9,1,3,5,0
"CZA0660",46,"Premium",12,42.7,13.4,0,6,0
"CZA0661",31,"Premium",12,16.5,19.1,1,6,0
"CZA0662",53,"Standard",5,20.2,11.2,7,5,1
"CZA0663",39,"Standard",4,1.6,12.7,3,5,0
"CZA0664",47,"Basic",1,27.4,4.5,6,5,1
"CZA0665",57,"Standard",36,5.5,12.9,1,9,0
"CZA0666",41,"Standard",12,1.9,9.1,1,7,0
"CZA0667",51,"Basic",6,1,5.8,4,5,1
"CZA0668",41,"Standard",18,15.3,10.4,0,8,0
"CZA0669",20,"Standard",24,6,13.5,5,9,0
"CZA0670",38,"Standard",6,4.2,9.9,1,6,0
"CZA0671",47,"Standard",18,1.7,7.6,3,4,0
"CZA0672",44,"Standard",4,0.3,18.7,4,5,0
"CZA0673",36,"Standard",4,7.4,6.2,1,7,0
"CZA0674",23,"Standard",2,4.9,10.7,6,6,1
"CZA0675",46,"Standard",12,2.9,7.5,0,6,0
"CZA0676",27,"Basic",6,6.1,6,1,5,0
"CZA0677",23,"Basic",18,3.9,6.6,5,7,1
"CZA0678",45,"Basic",24,1.1,7.1,3,8,0
"CZA0679",23,"Standard",12,3.8,4.2,3,7,0
"CZA0680",41,"Premium",36,24.2,23.3,2,9,0
"CZA0681",38,"Basic",36,3,9.5,1,8,0
"CZA0682",22,"Premium",12,73.5,16.6,1,6,0
"CZA0683",52,"Basic",2,1,2.7,5,5,1
"CZA0684",31,"Basic",36,1.4,2.5,3,6,0
"CZA0685",52,"Standard",12,11.2,6.3,1,7,0
"CZA0686",32,"Basic",18,1.2,6.4,3,7,0
"CZA0687",31,"Standard",36,5.5,11,0,7,0
"CZA0688",38,"Standard",5,0.8,2.3,1,5,0
"CZA0689",34,"Basic",12,14.2,7.8,1,7,0
"CZA0690",34,"Premium",6,32.5,21.4,4,6,0
"CZA0691",27,"Standard",4,7.4,7.4,5,6,1
"CZA0692",23,"Standard",4,19.3,14.3,5,7,0
"CZA0693",45,"Standard",24,5,10.7,2,7,1
"CZA0694",28,"Standard",12,1.1,5.2,1,7,0
"CZA0695",21,"Standard",18,35.6,8.4,0,8,0
"CZA0696",32,"Standard",18,8.5,9.7,1,7,0
"CZA0697",28,"Basic",18,0.3,3.3,1,8,0
"CZA0698",18,"Standard",24,20.3,3.5,3,6,0
"CZA0699",35,"Standard",12,21.2,7.1,3,5,0
"CZA0700",40,"Premium",24,76.8,11.2,4,6,0
"CZA0701",42,"Standard",18,14.8,10,1,8,0
"CZA0702",43,"Basic",24,1.2,5.1,1,6,0
"CZA0703",26,"Standard",5,1.2,8.5,1,6,0
"CZA0704",34,"Standard",24,8.5,13.6,2,6,0
"CZA0705",26,"Basic",6,2,4.3,0,7,0
"CZA0706",30,"Basic",18,2,6.4,4,7,0
"CZA0707",23,"Standard",24,2.4,11,3,7,0
"CZA0708",25,"Standard",18,17.3,12.4,1,6,0
"CZA0709",46,"Basic",24,4.4,6.2,3,7,0
"CZA0710",35,"Basic",5,2,4.6,2,8,0
"CZA0711",35,"Basic",36,4.1,3.2,1,7,0
"CZA0712",59,"Standard",4,3.2,9.9,1,6,0
"CZA0713",37,"Standard",18,1.3,7.4,3,5,0
"CZA0714",32,"Standard",2,24.5,13.2,2,4,0
"CZA0715",47,"Basic",36,3.9,6,1,8,0
"CZA0716",32,"Premium",12,1.8,28,0,6,0
"CZA0717",54,"Standard",3,3.1,9.4,4,7,0
"CZA0718",33,"Basic",24,0.9,4.4,2,8,0
"CZA0719",31,"Basic",18,2.7,5.4,0,7,0
"CZA0720",24,"Standard",24,11.6,9.3,1,6,0
"CZA0721",42,"Standard",36,10.8,6.8,3,6,0
"CZA0722",56,"Standard",24,0.2,5.9,0,6,0
"CZA0723",34,"Premium",4,50,13.6,1,6,0
"CZA0724",41,"Premium",18,48.4,11.7,3,6,0
"CZA0725",42,"Premium",24,45.3,20.5,2,7,0
"CZA0726",55,"Standard",4,11.3,9.6,2,7,0
"CZA0727",46,"Standard",12,6.2,9,2,7,0
"CZA0728",25,"Basic",36,14.2,5.1,0,8,0
"CZA0729",30,"Standard",18,1.4,11.2,3,8,0
"CZA0730",29,"Basic",6,0.8,2.3,1,6,0
"CZA0731",40,"Standard",12,4.5,13.7,2,8,0
"CZA0732",38,"Premium",18,3,17,1,5,0
"CZA0733",42,"Standard",36,28.7,12.4,3,7,0
"CZA0734",30,"Premium",18,14.3,22.8,2,6,0
"CZA0735",33,"Standard",18,2.1,10.5,2,6,0
"CZA0736",47,"Premium",18,107,18.9,3,3,0
"CZA0737",37,"Basic",36,12.8,4.8,1,6,0
"CZA0738",30,"Basic",36,11.8,4.9,3,6,0
"CZA0739",50,"Standard",5,6.4,15.3,2,6,1
"CZA0740",38,"Standard",18,11.7,5,2,4,0
"CZA0741",27,"Basic",5,1.8,7.7,2,6,0
"CZA0742",59,"Standard",36,23.2,7.3,1,7,0
"CZA0743",24,"Basic",36,1,3.9,2,6,0
"CZA0744",18,"Basic",24,0.1,2.3,2,5,0
"CZA0745",18,"Standard",12,6.4,13.7,1,7,0
"CZA0746",46,"Basic",24,0.7,6.7,0,8,0
"CZA0747",32,"Basic",12,5.8,4.8,1,6,0
"CZA0748",35,"Standard",18,0.6,6.3,3,8,0
"CZA0749",41,"Basic",18,7.4,6.5,1,6,0
"CZA0750",32,"Basic",18,9.8,5.3,1,5,0
"CZA0751",19,"Standard",24,8.7,9.7,0,5,0
"CZA0752",18,"Standard",18,1.3,6.8,1,6,0
"CZA0753",34,"Basic",18,2.1,4.1,4,5,0
"CZA0754",40,"Basic",6,1.4,5,3,7,0
"CZA0755",18,"Basic",18,20.7,3.2,2,8,1
"CZA0756",41,"Basic",12,4.6,5.1,2,7,0
"CZA0757",43,"Basic",4,7.1,5,2,6,0
"CZA0758",54,"Standard",24,7.5,6.8,0,8,0
"CZA0759",40,"Standard",4,3.5,12.6,3,7,0
"CZA0760",40,"Standard",4,0.3,11.3,0,5,0
"CZA0761",45,"Premium",6,26.3,14.8,5,5,0
"CZA0762",38,"Basic",18,3.4,5.6,5,5,0
"CZA0763",37,"Basic",6,6.2,2.4,1,5,0
"CZA0764",39,"Standard",36,5.2,11.5,2,7,0
"CZA0765",47,"Standard",2,10.5,13.4,5,5,1
"CZA0766",33,"Standard",36,19.9,6.2,3,6,0
"CZA0767",32,"Basic",1,9.8,3,3,5,1
"CZA0768",28,"Basic",18,14.4,6.3,4,6,0
"CZA0769",27,"Basic",18,2.2,4.4,2,6,0
"CZA0770",42,"Premium",4,2,14.8,3,6,0
"CZA0771",57,"Standard",24,7.7,10.8,2,6,0
"CZA0772",26,"Basic",18,15.2,5.9,0,6,0
"CZA0773",36,"Standard",12,17.9,7.7,2,6,0
"CZA0774",26,"Standard",18,18.3,4.4,0,5,0
"CZA0775",49,"Standard",36,2.3,11.5,0,8,0
"CZA0776",34,"Basic",18,2.8,6.6,0,8,0
"CZA0777",40,"Standard",5,37.1,10.7,2,8,0
"CZA0778",42,"Basic",18,2.6,2.8,4,8,0
"CZA0779",25,"Standard",3,5,11.2,4,5,0
"CZA0780",37,"Basic",18,4.1,5.6,1,6,0
"CZA0781",35,"Basic",12,2.4,4.8,5,8,0
"CZA0782",46,"Basic",1,1.5,6.5,8,4,1
"CZA0783",23,"Standard",18,16.4,12.6,0,6,0
"CZA0784",24,"Standard",18,9.1,6.9,1,7,0
"CZA0785",47,"Basic",36,1.2,1,0,7,0
"CZA0786",31,"Basic",36,0.4,1.9,3,8,0
"CZA0787",30,"Basic",12,1.8,4,0,6,1
"CZA0788",39,"Standard",12,32.6,15.6,2,5,0
"CZA0789",34,"Basic",12,2.4,3.7,1,7,0
"CZA0790",60,"Standard",18,10.7,6.2,2,6,0
"CZA0791",41,"Standard",18,2.9,11.8,1,5,0
"CZA0792",40,"Basic",5,11.1,6.7,2,6,1
"CZA0793",49,"Standard",12,15.7,11.8,0,8,0
"CZA0794",37,"Standard",5,3.4,4.4,2,7,0
"CZA0795",39,"Basic",18,14,3,0,6,1
"CZA0796",25,"Standard",18,15.1,10.9,3,6,0
"CZA0797",18,"Basic",12,2.3,1.4,5,5,1
"CZA0798",24,"Standard",12,22,9.4,0,7,0
"CZA0799",39,"Standard",24,0.3,7.7,1,8,0
"CZA0800",26,"Standard",18,7.2,12.9,1,4,0
"CZA0801",46,"Basic",5,7.4,4.1,1,5,0
"CZA0802",47,"Basic",18,5.7,2.8,0,6,0
"CZA0803",41,"Standard",36,39.2,7.6,1,5,0
"CZA0804",36,"Basic",3,0.3,4.5,2,5,0
"CZA0805",22,"Basic",24,4.8,5.6,4,6,0
"CZA0806",34,"Standard",12,0.9,15.1,1,8,0
"CZA0807",33,"Standard",36,7.2,9.5,3,7,0
"CZA0808",46,"Standard",36,5.9,5.5,2,6,0
"CZA0809",54,"Standard",18,1.3,19.6,1,7,0
"CZA0810",44,"Standard",12,9.3,10.9,4,7,0
"CZA0811",24,"Premium",4,88.4,17.6,6,6,1
"CZA0812",58,"Basic",18,0.5,9.8,3,6,0
"CZA0813",50,"Standard",18,1.9,11.2,4,7,0
"CZA0814",41,"Premium",12,36.4,19.1,4,6,0
"CZA0815",18,"Standard",18,3.6,9.4,2,8,0
"CZA0816",27,"Standard",12,8.6,8.8,3,6,0
"CZA0817",37,"Premium",18,9.4,23.7,2,5,0
"CZA0818",47,"Premium",36,17.3,21.5,3,7,0
"CZA0819",24,"Standard",6,0.6,11.8,0,6,0
"CZA0820",77,"Premium",12,44.1,16.2,1,7,0
"CZA0821",18,"Standard",5,29.7,6.7,2,5,0
"CZA0822",35,"Basic",24,8.6,2.6,0,8,0
"CZA0823",35,"Basic",18,5.5,6.3,0,6,0
"CZA0824",30,"Basic",12,1.7,5,5,5,0
"CZA0825",34,"Basic",36,17.4,1.1,1,9,0
"CZA0826",47,"Premium",1,3.6,25.8,5,6,0
"CZA0827",28,"Standard",4,7.1,12.1,3,6,1
"CZA0828",18,"Standard",18,17.2,8.8,4,4,0
"CZA0829",39,"Standard",18,5.7,15.3,0,7,0
"CZA0830",38,"Standard",36,1.2,10.7,0,6,0
"CZA0831",38,"Premium",12,7.1,10.4,1,7,0
"CZA0832",46,"Standard",36,15.6,11.3,1,5,0
"CZA0833",38,"Standard",18,2.6,8.4,0,6,0
"CZA0834",47,"Standard",12,15.6,13,2,7,0
"CZA0835",18,"Basic",18,2.2,2,0,5,0
"CZA0836",24,"Basic",24,5.5,6.5,2,9,0
"CZA0837",42,"Basic",2,5,6.9,3,6,0
"CZA0838",34,"Basic",18,0.7,4.9,0,8,0
"CZA0839",49,"Basic",36,13.2,5.9,3,5,0
"CZA0840",26,"Basic",24,3.8,3.3,1,5,0
"CZA0841",47,"Basic",6,5.1,4.5,3,7,0
"CZA0842",30,"Standard",12,11.5,9.7,3,5,1
"CZA0843",25,"Basic",4,12.8,7.1,1,8,0
"CZA0844",34,"Basic",5,2.7,5.5,2,5,0
"CZA0845",39,"Standard",12,8.9,11.7,3,7,0
"CZA0846",23,"Premium",18,4.5,14.4,1,6,0
"CZA0847",29,"Basic",18,0.2,3.7,0,5,0
"CZA0848",23,"Standard",1,1.6,7.4,5,5,1
"CZA0849",50,"Standard",12,0.7,12.6,2,4,0
"CZA0850",47,"Premium",24,22.2,18.4,6,6,0
"CZA0851",26,"Basic",2,5.5,5.4,4,5,1
"CZA0852",45,"Basic",6,23.7,4.6,1,5,1
"CZA0853",35,"Standard",18,10.9,7.3,2,6,0
"CZA0854",25,"Basic",12,3.6,6,3,5,1
"CZA0855",43,"Basic",4,8.4,6.1,3,5,0
"CZA0856",34,"Standard",24,19.4,11.4,3,9,0
"CZA0857",49,"Standard",18,3,10.7,2,7,0
"CZA0858",36,"Basic",18,3,6.3,0,7,0
"CZA0859",52,"Standard",6,12.8,10.9,2,6,0
"CZA0860",32,"Basic",3,2.1,4.6,2,5,1
"CZA0861",41,"Standard",12,2.7,7.3,3,4,0
"CZA0862",42,"Basic",36,0.9,1.9,2,6,0
"CZA0863",41,"Standard",18,3.1,5.9,2,6,0
"CZA0864",40,"Premium",5,32.4,22.3,5,6,0
"CZA0865",38,"Basic",18,16.4,4.8,4,5,0
"CZA0866",37,"Basic",12,12.8,4.2,3,5,1
"CZA0867",54,"Basic",18,12.1,6.4,1,5,0
"CZA0868",49,"Basic",5,3.7,4.1,2,4,1
"CZA0869",31,"Basic",18,1.2,7.8,1,5,0
"CZA0870",55,"Premium",12,15.6,22.3,3,6,0
"CZA0871",40,"Basic",4,0.2,2.8,2,5,0
"CZA0872",30,"Basic",12,3.3,6,2,7,0
"CZA0873",40,"Basic",12,9.7,2.8,2,6,0
"CZA0874",36,"Standard",36,2.8,12.1,2,6,0
"CZA0875",39,"Basic",18,1,4.7,0,8,0
"CZA0876",26,"Standard",24,0,7.9,1,7,0
"CZA0877",28,"Premium",5,84.6,17.8,0,5,0
"CZA0878",54,"Basic",1,0.7,4.6,2,6,1
"CZA0879",50,"Standard",18,29.1,9.2,1,7,0
"CZA0880",27,"Standard",12,0.2,15.3,1,6,0
"CZA0881",27,"Basic",18,9,2.2,2,7,1
"CZA0882",59,"Standard",36,2.5,12,2,7,0
"CZA0883",61,"Basic",18,2.8,4.7,5,5,0
"CZA0884",29,"Standard",24,7.9,9.2,2,9,0
"CZA0885",22,"Basic",12,0.3,6,1,6,0
"CZA0886",69,"Standard",18,1.5,7.7,2,6,0
"CZA0887",41,"Standard",18,2.9,13.9,0,6,0
"CZA0888",40,"Basic",24,4.2,5.5,2,7,0
"CZA0889",39,"Premium",12,2.8,15.8,1,5,0
"CZA0890",55,"Standard",5,21.8,17.5,2,7,0
"CZA0891",36,"Standard",12,16.4,7.8,1,7,0
"CZA0892",56,"Standard",6,2.8,8.9,0,5,0
"CZA0893",35,"Basic",18,12.6,4.4,3,5,0
"CZA0894",44,"Standard",4,2.9,3.2,2,5,0
"CZA0895",26,"Basic",12,4.7,7,1,6,0
"CZA0896",40,"Basic",6,0.3,3.1,2,5,1
"CZA0897",52,"Standard",36,40.6,9.9,1,8,0
"CZA0898",36,"Basic",1,1.1,5.8,1,7,0
"CZA0899",53,"Basic",12,0.4,5.1,1,6,0
"CZA0900",71,"Basic",36,0.1,6.6,3,7,0
"CZA0901",49,"Basic",4,0.9,6.4,2,6,0
"CZA0902",35,"Standard",18,19.5,11.8,0,6,0
"CZA0903",39,"Standard",12,0.2,7.8,7,5,0
"CZA0904",33,"Basic",4,6.3,6.1,3,8,0
"CZA0905",64,"Premium",4,18.9,8.9,6,3,1
"CZA0906",18,"Premium",5,1.8,13.2,3,4,0
"CZA0907",39,"Standard",18,37.5,10.8,2,5,1
"CZA0908",39,"Standard",6,7.4,9.8,1,7,0
"CZA0909",41,"Basic",1,3.7,3.8,10,5,1
"CZA0910",19,"Basic",12,28.6,7.6,2,6,1
"CZA0911",41,"Standard",12,6.8,8,0,6,0
"CZA0912",40,"Basic",2,0.4,6.3,6,5,1
"CZA0913",53,"Standard",5,1.1,9.7,1,7,0
"CZA0914",44,"Basic",18,0.6,6.8,2,6,0
"CZA0915",51,"Standard",3,1.7,7.6,5,6,1
"CZA0916",27,"Premium",1,24.8,19.1,6,5,0
"CZA0917",37,"Standard",36,6.4,8,2,8,0
"CZA0918",40,"Premium",5,55.6,18.5,3,7,0
"CZA0919",41,"Basic",12,3.1,2.3,4,6,0
"CZA0920",30,"Standard",12,7.5,11.1,1,5,0
"CZA0921",56,"Standard",5,5.8,11.5,2,7,0
"CZA0922",31,"Basic",5,2.4,1.8,0,5,1
"CZA0923",19,"Standard",3,26.3,4.3,0,5,0
"CZA0924",43,"Standard",6,15.1,9.9,2,5,0
"CZA0925",46,"Basic",18,5.4,5,1,6,0
"CZA0926",49,"Standard",12,4.8,6.7,1,6,0
"CZA0927",27,"Standard",18,4.3,5.4,4,4,0
"CZA0928",35,"Basic",18,6.7,6.7,0,6,1
"CZA0929",22,"Standard",18,4.6,8.7,0,7,0
"CZA0930",48,"Basic",36,6,3.8,0,8,0
"CZA0931",42,"Standard",24,28.3,13,1,7,0
"CZA0932",49,"Basic",3,2.7,8,2,7,0
"CZA0933",45,"Premium",4,4.8,16,3,6,0
"CZA0934",31,"Basic",18,0.4,6,2,6,0
"CZA0935",40,"Standard",2,30,10,3,7,0
"CZA0936",18,"Standard",12,22.9,7.6,0,7,0
"CZA0937",44,"Standard",24,0.2,9.2,2,8,0
"CZA0938",50,"Standard",4,2.5,10.8,1,6,0
"CZA0939",27,"Standard",4,0.9,15.7,5,6,0
"CZA0940",18,"Basic",1,8.3,2.2,7,3,1
"CZA0941",20,"Basic",1,0.7,4.5,7,3,1
"CZA0942",25,"Basic",2,1.8,4.5,1,6,0
"CZA0943",53,"Standard",1,18.7,8.8,6,4,1
"CZA0944",38,"Standard",18,0.8,8.7,4,5,1
"CZA0945",23,"Standard",36,1.1,7.2,1,7,0
"CZA0946",45,"Basic",12,11.4,1,1,7,0
"CZA0947",18,"Standard",24,2.7,8.8,0,7,0
"CZA0948",35,"Standard",12,2,10.5,1,7,0
"CZA0949",51,"Premium",2,9.8,15.2,4,4,1
"CZA0950",34,"Standard",4,12.6,9.9,5,6,0
"CZA0951",54,"Premium",18,4.6,16.8,2,7,0
"CZA0952",60,"Basic",36,0.2,6.2,2,8,0
"CZA0953",24,"Standard",4,14.6,13.1,3,7,0
"CZA0954",24,"Standard",18,12,9.2,3,5,0
"CZA0955",27,"Basic",1,0.2,5.5,5,6,1
"CZA0956",44,"Basic",3,1.7,3.7,1,6,1
"CZA0957",48,"Standard",12,12.6,7.3,0,8,0
"CZA0958",53,"Basic",12,10.2,7,3,7,0
"CZA0959",54,"Premium",18,7.7,19.4,2,5,0
"CZA0960",51,"Standard",12,7.3,6.3,2,6,0
"CZA0961",49,"Basic",18,1.7,1.8,6,4,0
"CZA0962",40,"Basic",18,0.6,8.3,2,7,0
"CZA0963",27,"Standard",36,26,12.2,2,8,0
"CZA0964",29,"Standard",1,2.9,5.8,6,4,1
"CZA0965",43,"Standard",4,3.6,11.7,1,6,0
"CZA0966",58,"Basic",12,2.9,7.6,1,7,0
"CZA0967",58,"Standard",18,2.2,13.3,2,6,0
"CZA0968",18,"Standard",6,14,9.1,6,4,1
"CZA0969",28,"Basic",2,1.1,2,5,4,0
"CZA0970",55,"Standard",12,12.1,9.1,0,7,0
"CZA0971",25,"Basic",4,1.8,4.2,5,6,0
"CZA0972",19,"Premium",4,8.3,19.2,6,5,0
"CZA0973",45,"Standard",12,7.8,13.7,1,8,0
"CZA0974",59,"Basic",24,3,6.3,1,10,0
"CZA0975",61,"Standard",18,16.1,8.7,1,9,0
"CZA0976",44,"Standard",36,6.4,10,1,5,0
"CZA0977",47,"Premium",18,27.1,23.4,3,6,0
"CZA0978",45,"Basic",6,7.3,6.5,3,6,0
"CZA0979",38,"Standard",36,5.3,12.3,1,7,0
"CZA0980",18,"Premium",2,35.7,11,3,6,0
"CZA0981",47,"Basic",12,2.5,4.8,0,7,0
"CZA0982",33,"Standard",36,7.7,10.6,3,8,0
"CZA0983",50,"Basic",12,0.5,8.3,2,6,0
"CZA0984",30,"Premium",12,21.3,25,1,8,0
"CZA0985",18,"Basic",3,0.8,3.2,3,6,0
"CZA0986",53,"Basic",12,3,5.8,0,7,0
"CZA0987",40,"Basic",4,2.9,4.9,1,6,0
"CZA0988",80,"Standard",12,54.5,10.2,4,6,0
"CZA0989",49,"Premium",12,84.2,12.5,1,6,0
"CZA0990",51,"Premium",12,15.5,14.2,3,6,0
"CZA0991",47,"Premium",12,31,25.5,2,7,0
"CZA0992",31,"Standard",36,9.6,11.3,1,8,0
"CZA0993",34,"Basic",2,2.6,3.6,4,6,1
"CZA0994",51,"Basic",12,1.1,1.5,2,5,0
"CZA0995",51,"Basic",18,6.9,4.4,2,7,0
"CZA0996",45,"Premium",18,29.1,22.9,2,6,0
"CZA0997",26,"Standard",2,5.7,12.5,1,8,0
"CZA0998",58,"Basic",3,1.5,2.9,3,4,1
"CZA0999",22,"Standard",1,1.5,13.1,4,8,0
"CZA1000",33,"Basic",18,2.4,4.3,1,6,0
