"CustomerID","Age","UsageFrequency","SupportTickets","SubscriptionTier","SatisfactionScore","DataUsage_GB","ContractDuration_Months","Churn"
"CZA0001",36,14,1,"Standard",7,4.15914411706739,6,0
"CZA0002",67,15,2,"Premium",8,5.95910282428492,6,0
"CZA0003",43,6,1,"Basic",6,3.9295754577274,6,0
"CZA0004",73,10,3,"Basic",4,11.4609788277237,12,0
"CZA0005",76,28,3,"Standard",7,16.1876486090307,12,0
"CZA0006",21,15,2,"Standard",10,32.7547990343326,24,0
"CZA0007",51,20,3,"Standard",8,9.54750694995878,12,0
"CZA0008",73,12,1,"Basic",7,4.00543839304543,6,0
"CZA0009",52,16,0,"Basic",5,15.1368535701359,6,0
"CZA0010",46,15,2,"Standard",9,13.9200636240172,6,0
"CZA0011",77,22,2,"Standard",10,6.25402910513538,1,0
"CZA0012",46,14,1,"Premium",9,2.48308457431572,6,0
"CZA0013",60,4,1,"Basic",2,12.590177252326,12,0
"CZA0014",54,21,2,"Premium",7,16.287551053219,24,0
"CZA0015",24,16,0,"Premium",7,6.00999861745213,1,0
"CZA0016",74,24,3,"Premium",10,10.7549915049614,6,0
"CZA0017",33,16,2,"Standard",6,6.09139224757083,24,0
"CZA0018",21,22,2,"Standard",7,11.9128860024161,6,0
"CZA0019",38,19,2,"Premium",8,6.80662566091986,12,0
"CZA0020",77,11,1,"Basic",5,5.80504226116975,6,0
"CZA0021",73,21,2,"Premium",10,7.98954928850198,1,0
"CZA0022",61,15,3,"Premium",4,6.05943329185274,12,0
"CZA0023",58,21,2,"Basic",9,4.88557988092181,1,0
"CZA0024",80,16,1,"Standard",4,5.92300634256202,6,0
"CZA0025",59,3,3,"Basic",4,7.34701048222207,6,0
"CZA0026",62,13,1,"Standard",9,8.54414795162082,6,0
"CZA0027",52,7,2,"Standard",7,21.6000695617881,24,0
"CZA0028",55,6,2,"Premium",3,2.85594137793216,12,0
"CZA0029",36,13,1,"Basic",4,6.42544998312523,12,0
"CZA0030",27,16,2,"Basic",7,11.4967707253753,24,0
"CZA0031",78,11,1,"Standard",5,25.3661252516503,12,0
"CZA0032",74,6,2,"Basic",6,9.95634517378812,12,0
"CZA0033",61,10,2,"Basic",5,7.31826010002835,12,0
"CZA0034",67,7,0,"Standard",3,5.95785289278723,6,0
"CZA0035",20,19,2,"Standard",7,9.87509286581175,6,0
"CZA0036",48,20,2,"Premium",6,14.766196440795,24,0
"CZA0037",65,5,1,"Basic",7,6.49673135927783,24,0
"CZA0038",31,12,2,"Standard",6,8.28654392031591,1,0
"CZA0039",38,18,2,"Basic",8,8.60080188109999,1,0
"CZA0040",32,16,2,"Premium",9,12.3110144319633,24,0
"CZA0041",27,17,3,"Premium",10,16.0862727635325,12,0
"CZA0042",44,17,3,"Standard",7,8.98370671691088,6,0
"CZA0043",44,20,2,"Premium",9,7.00539474376849,12,0
"CZA0044",41,23,2,"Premium",10,19.6144039657851,24,0
"CZA0045",27,19,1,"Standard",8,8.29102730388182,1,0
"CZA0046",27,10,0,"Premium",4,22.2979865500747,1,0
"CZA0047",32,15,1,"Premium",8,7.07561340175877,1,0
"CZA0048",47,15,0,"Basic",5,11.3559981413052,6,0
"CZA0049",34,14,4,"Standard",6,2.50362074982245,6,0
"CZA0050",71,6,6,"Premium",5,6.83000651227913,12,0
"CZA0051",21,11,3,"Standard",5,7.27718289268279,12,0
"CZA0052",45,20,3,"Standard",4,4.345575529414,6,0
"CZA0053",68,18,4,"Premium",7,3.57825403205381,1,0
"CZA0054",26,10,2,"Premium",8,14.3494485340788,6,0
"CZA0055",53,16,2,"Standard",6,14.011958081962,1,0
"CZA0056",31,14,1,"Standard",6,2.97691522093251,6,0
"CZA0057",26,16,2,"Basic",6,9.94495270316536,24,0
"CZA0058",65,28,1,"Premium",8,3.39131677789834,24,0
"CZA0059",73,7,1,"Standard",6,3.54043195777841,24,0
"CZA0060",41,10,3,"Basic",7,10.6737634227483,24,0
"CZA0061",59,14,3,"Standard",9,4.57123404386674,6,0
"CZA0062",24,6,1,"Premium",3,14.8119751815399,1,0
"CZA0063",42,13,1,"Basic",7,7.59102417219727,24,0
"CZA0064",35,12,1,"Standard",6,10.7542850349181,1,0
"CZA0065",69,26,0,"Standard",10,5.12157142793437,6,0
"CZA0066",46,2,3,"Premium",3,3.30073465208393,6,0
"CZA0067",68,22,2,"Standard",8,14.0177806287609,12,0
"CZA0068",68,18,1,"Basic",6,8.72899326418846,6,0
"CZA0069",67,17,5,"Basic",8,6.25044441975869,1,0
"CZA0070",45,14,2,"Basic",5,7.75598441977534,1,0
"CZA0071",65,9,3,"Basic",6,18.6927517135453,6,0
"CZA0072",57,19,3,"Basic",5,4.53254392974262,1,0
"CZA0073",62,9,4,"Basic",6,4.37284614502054,24,0
"CZA0074",18,20,3,"Premium",10,4.78875022062792,12,0
"CZA0075",47,17,2,"Standard",9,2.43636241217564,24,0
"CZA0076",32,20,2,"Standard",10,13.1147781345532,24,0
"CZA0077",42,14,1,"Premium",5,8.45416105510676,12,0
"CZA0078",56,10,0,"Basic",6,8.54221534254757,12,0
"CZA0079",40,19,2,"Premium",8,7.16821630686729,1,0
"CZA0080",25,17,1,"Standard",8,5.17007756341782,6,0
"CZA0081",33,22,1,"Standard",8,4.15206985588281,6,0
"CZA0082",59,15,1,"Basic",7,13.4140073056329,24,0
"CZA0083",44,18,1,"Premium",10,2.72282713655176,24,0
"CZA0084",67,17,2,"Basic",9,10.0564001169712,6,0
"CZA0085",24,12,3,"Standard",4,4.24258114428777,12,0
"CZA0086",45,18,1,"Basic",7,9.00353384921171,24,0
"CZA0087",79,10,0,"Standard",5,4.39961322858788,12,0
"CZA0088",73,15,0,"Basic",10,5.12259333787297,1,0
"CZA0089",73,6,3,"Standard",4,25.4968812794701,24,0
"CZA0090",29,14,2,"Basic",9,11.7964404980004,12,0
"CZA0091",26,7,3,"Standard",6,1.64636871360889,6,0
"CZA0092",58,12,0,"Basic",7,8.07270558997981,12,0
"CZA0093",39,8,0,"Premium",6,5.38561195392115,6,0
"CZA0094",59,10,0,"Basic",6,3.33462979949064,6,0
"CZA0095",38,9,3,"Basic",7,8.55785969536924,12,0
"CZA0096",30,18,3,"Standard",8,8.09280877033433,24,0
"CZA0097",67,10,6,"Basic",3,5.87111989949253,1,1
"CZA0098",24,9,2,"Basic",5,29.3969961435379,12,0
"CZA0099",47,21,1,"Standard",7,1.5309936257757,12,0
"CZA0100",50,23,1,"Standard",8,13.286567614649,6,0
"CZA0101",55,18,3,"Basic",9,6.03565094682833,24,0
"CZA0102",39,6,3,"Basic",7,11.6996553886169,12,0
"CZA0103",48,19,1,"Basic",6,5.3773818436049,12,0
"CZA0104",77,9,3,"Standard",7,4.87585174586189,1,0
"CZA0105",48,17,4,"Premium",6,2.23163440380364,24,0
"CZA0106",73,17,2,"Basic",7,6.38139100981476,24,0
"CZA0107",75,14,2,"Standard",7,41.89313876735,6,0
"CZA0108",56,12,4,"Basic",6,14.7728575202887,6,0
"CZA0109",43,18,5,"Premium",7,23.8766384234646,1,0
"CZA0110",27,15,2,"Basic",5,14.0198715943997,1,0
"CZA0111",76,17,0,"Standard",7,16.460834548495,24,0
"CZA0112",37,6,3,"Standard",5,13.9017327431679,6,0
"CZA0113",22,16,2,"Premium",8,10.3064993618058,6,0
"CZA0114",77,16,1,"Standard",6,4.91469579353816,12,0
"CZA0115",63,18,1,"Standard",8,5.08830965409062,12,0
"CZA0116",27,11,1,"Basic",4,2.40948252019879,6,0
"CZA0117",52,9,2,"Basic",5,7.35902609755897,24,0
"CZA0118",77,10,4,"Premium",7,13.867513869621,6,0
"CZA0119",54,9,1,"Basic",5,15.215973885794,24,0
"CZA0120",43,14,2,"Standard",6,7.89786834344608,1,1
"CZA0121",58,12,1,"Standard",6,5.03624451261197,1,0
"CZA0122",38,20,1,"Premium",8,73.94800494215,24,0
"CZA0123",37,19,3,"Premium",9,12.3750193473443,6,0
"CZA0124",32,7,1,"Standard",5,19.973426466698,6,0
"CZA0125",41,15,1,"Basic",4,5.83353726598181,1,0
"CZA0126",79,16,0,"Basic",6,7.19531169934952,6,0
"CZA0127",28,12,4,"Basic",5,10.115055610147,1,0
"CZA0128",24,17,2,"Premium",6,23.8925242797048,12,0
"CZA0129",27,11,0,"Basic",7,5.94153678651166,12,0
"CZA0130",61,16,2,"Premium",10,13.4305366226612,1,0
"CZA0131",56,12,2,"Premium",8,1.70511022369749,6,0
"CZA0132",73,17,3,"Standard",7,5.1806052658931,12,0
"CZA0133",60,7,3,"Basic",6,2.99095772735278,6,0
"CZA0134",64,12,2,"Standard",9,16.1086098469056,6,0
"CZA0135",50,12,3,"Premium",6,6.58558281810167,24,0
"CZA0136",59,9,3,"Basic",7,5.62228487458096,12,0
"CZA0137",69,13,1,"Standard",7,19.2665396097534,12,0
"CZA0138",67,15,1,"Premium",7,16.1414581199899,1,0
"CZA0139",79,10,2,"Basic",6,3.94080555333441,1,0
"CZA0140",45,14,1,"Standard",8,9.96926182213813,12,0
"CZA0141",37,5,3,"Basic",5,3.12704604092895,24,0
"CZA0142",43,16,1,"Standard",7,5.29662318741768,6,0
"CZA0143",19,20,0,"Premium",7,22.910706773805,12,0
"CZA0144",29,9,5,"Standard",6,20.3909171902515,6,0
"CZA0145",70,8,1,"Standard",6,16.0597016129212,6,0
"CZA0146",32,26,1,"Standard",9,4.95485190611685,6,0
"CZA0147",33,14,2,"Basic",7,1.97980423935729,6,0
"CZA0148",23,15,2,"Standard",6,3.24466228130775,12,0
"CZA0149",33,14,1,"Standard",6,14.3936849785749,24,0
"CZA0150",63,17,1,"Standard",9,6.02912854071841,24,0
"CZA0151",71,17,4,"Premium",6,1.62608339476278,12,0
"CZA0152",49,12,2,"Standard",7,6.51344667056577,1,0
"CZA0153",42,13,3,"Standard",5,19.829435096073,24,0
"CZA0154",33,11,4,"Basic",6,11.5933081538655,6,0
"CZA0155",25,15,2,"Premium",8,4.15835273849033,12,0
"CZA0156",42,11,1,"Standard",5,2.50392210256453,12,0
"CZA0157",53,18,0,"Basic",8,4.14298665524856,12,0
"CZA0158",31,15,3,"Standard",7,7.56982061186665,1,0
"CZA0159",46,9,2,"Basic",5,13.7584281217023,6,0
"CZA0160",32,16,1,"Basic",8,1.90035724398227,12,0
"CZA0161",49,19,1,"Premium",8,15.1233699875606,1,0
"CZA0162",40,14,1,"Standard",6,7.41733930478365,6,0
"CZA0163",58,15,2,"Basic",5,11.010455030567,24,0
"CZA0164",41,8,1,"Basic",6,2.32267863970392,24,0
"CZA0165",40,12,0,"Basic",5,4.63363628190316,12,0
"CZA0166",51,10,0,"Standard",6,5.39912048692924,1,0
"CZA0167",64,7,3,"Basic",3,15.3439911875634,6,0
"CZA0168",32,11,1,"Basic",5,15.1761001701875,1,0
"CZA0169",44,14,1,"Basic",7,10.0198018646465,24,0
"CZA0170",34,8,5,"Basic",7,22.7132516466124,12,0
"CZA0171",57,14,2,"Standard",7,5.15110966387014,6,0
"CZA0172",29,6,1,"Standard",4,15.0108914703176,12,0
"CZA0173",72,13,2,"Standard",6,7.20548094760393,6,0
"CZA0174",64,21,4,"Standard",10,4.63140618049066,12,0
"CZA0175",59,9,1,"Standard",7,14.102696593035,1,0
"CZA0176",56,7,2,"Basic",7,19.4290667646417,6,0
"CZA0177",41,14,3,"Standard",8,13.6641455809009,12,0
"CZA0178",51,18,1,"Standard",8,5.17281786282338,1,0
"CZA0179",72,19,0,"Basic",9,5.31827315688812,6,0
"CZA0180",54,28,2,"Standard",8,19.382548372059,24,0
"CZA0181",70,17,0,"Basic",8,9.45911176121773,1,0
"CZA0182",37,16,1,"Basic",7,13.2064029707623,24,0
"CZA0183",62,25,3,"Standard",9,5.82936812679782,6,0
"CZA0184",34,13,4,"Standard",9,17.8628735493157,12,0
"CZA0185",55,16,3,"Premium",8,4.19490795686739,24,0
"CZA0186",48,18,0,"Premium",7,11.447210371125,6,0
"CZA0187",34,6,1,"Basic",5,4.17025641405917,1,0
"CZA0188",53,6,3,"Standard",4,1.31810814938101,24,0
"CZA0189",75,26,3,"Premium",9,2.88616820725168,6,0
"CZA0190",74,10,2,"Basic",5,8.12874576692112,24,0
"CZA0191",35,15,0,"Premium",8,13.7089091546557,24,0
"CZA0192",38,10,2,"Standard",5,2.1686146246056,6,0
"CZA0193",79,16,2,"Standard",8,3.07714700846801,24,0
"CZA0194",56,16,3,"Basic",8,25.4110011806035,1,0
"CZA0195",76,14,0,"Standard",6,5.45357008194483,1,0
"CZA0196",47,13,1,"Basic",9,10.5274916969374,24,0
"CZA0197",43,20,4,"Standard",8,5.10972340737748,24,0
"CZA0198",59,17,0,"Premium",6,5.99539683366069,12,0
"CZA0199",27,10,5,"Basic",6,7.85437691047009,12,0
"CZA0200",54,17,1,"Premium",6,7.44597255788294,6,0
"CZA0201",33,13,4,"Premium",8,6.45727790638984,1,0
"CZA0202",78,16,4,"Standard",6,5.31824020660749,24,0
"CZA0203",55,11,2,"Standard",8,0.875025173906861,24,0
"CZA0204",50,22,3,"Standard",5,27.3320184030534,6,0
"CZA0205",43,3,2,"Standard",3,25.8755095920443,6,0
"CZA0206",73,15,6,"Basic",6,3.41863989617169,12,0
"CZA0207",41,15,0,"Premium",6,6.5687577437719,6,0
"CZA0208",36,27,1,"Premium",10,19.350005685475,24,0
"CZA0209",29,14,3,"Standard",7,14.8619315814731,12,0
"CZA0210",29,15,2,"Basic",8,18.0585838830286,6,0
"CZA0211",48,19,2,"Premium",9,3.4895652466287,12,0
"CZA0212",34,16,7,"Standard",7,44.884282031114,24,0
"CZA0213",31,16,1,"Basic",9,3.34202873459798,6,0
"CZA0214",60,23,2,"Basic",9,12.5251852755212,6,0
"CZA0215",21,20,0,"Standard",9,8.15713648401312,12,0
"CZA0216",61,14,3,"Basic",5,5.57004301999087,6,0
"CZA0217",40,22,1,"Basic",7,5.66557812458152,6,0
"CZA0218",43,20,3,"Premium",5,3.69146069205123,24,0
"CZA0219",69,16,1,"Basic",7,23.0084572998444,12,0
"CZA0220",75,23,4,"Premium",10,7.86686204618059,12,0
"CZA0221",36,16,1,"Standard",6,8.85916542583017,6,0
"CZA0222",78,17,2,"Basic",8,8.55694285403596,24,0
"CZA0223",63,12,0,"Basic",7,5.68243860724281,1,0
"CZA0224",61,14,4,"Basic",7,3.34071591113564,6,0
"CZA0225",21,15,5,"Standard",7,8.82517485992414,1,0
"CZA0226",43,10,0,"Basic",5,1.70651347400403,6,0
"CZA0227",48,25,2,"Standard",8,2.73738515024762,6,0
"CZA0228",53,14,1,"Premium",7,3.47822572121551,12,0
"CZA0229",61,11,4,"Basic",8,3.47267363101797,1,0
"CZA0230",75,22,2,"Standard",7,7.96480269533514,6,0
"CZA0231",56,17,0,"Premium",7,22.6224162422529,24,0
"CZA0232",45,19,1,"Basic",8,2.55812124183572,1,0
"CZA0233",52,14,1,"Premium",8,10.0098860977639,12,0
"CZA0234",22,15,2,"Standard",7,13.8693494151407,24,0
"CZA0235",34,14,1,"Standard",8,3.69628203262948,12,0
"CZA0236",43,10,0,"Standard",4,7.12094484047962,12,0
"CZA0237",30,11,0,"Basic",7,13.1513923064361,1,0
"CZA0238",70,10,3,"Basic",6,6.17892079893821,6,0
"CZA0239",27,19,4,"Standard",6,6.33139731666459,6,0
"CZA0240",68,14,1,"Standard",3,9.16515463827815,1,0
"CZA0241",52,17,0,"Premium",7,7.08507686929501,6,0
"CZA0242",59,11,1,"Standard",7,5.00803176707046,24,0
"CZA0243",29,14,2,"Basic",7,6.70577762155061,6,0
"CZA0244",57,5,2,"Basic",4,27.6047498704207,1,0
"CZA0245",37,2,3,"Premium",4,13.6203919211776,1,0
"CZA0246",63,22,1,"Basic",9,3.8953442151824,1,0
"CZA0247",43,19,2,"Standard",7,3.09119474289959,12,0
"CZA0248",78,16,0,"Basic",7,5.74317636817069,24,0
"CZA0249",78,2,1,"Basic",5,18.7302954532385,6,0
"CZA0250",63,16,3,"Basic",6,9.06912132976095,6,0
"CZA0251",34,16,3,"Basic",7,4.52196364487488,1,0
"CZA0252",32,13,2,"Basic",7,13.7023067897334,1,0
"CZA0253",55,21,2,"Premium",9,6.73044139639146,12,0
"CZA0254",35,21,0,"Standard",9,3.37206410353109,24,0
"CZA0255",51,12,1,"Basic",7,10.2045603952789,12,0
"CZA0256",67,23,4,"Basic",9,21.4752254726815,6,0
"CZA0257",28,22,0,"Premium",8,10.0154390629697,24,0
"CZA0258",43,19,1,"Basic",8,8.45197599672124,12,0
"CZA0259",47,13,5,"Standard",5,4.66752900241499,6,0
"CZA0260",72,12,2,"Basic",7,10.9998206883748,1,0
"CZA0261",75,10,1,"Standard",5,3.49243997641222,24,0
"CZA0262",73,17,2,"Standard",10,2.32285186486487,1,0
"CZA0263",60,14,0,"Basic",6,7.16818914007968,12,0
"CZA0264",77,15,1,"Standard",3,7.21227579647761,6,0
"CZA0265",50,12,3,"Standard",8,38.6883635903558,24,0
"CZA0266",54,14,0,"Standard",6,3.15363855949011,6,0
"CZA0267",39,25,2,"Standard",10,8.32809239993628,6,0
"CZA0268",40,10,4,"Standard",6,12.9816544617214,1,0
"CZA0269",19,15,0,"Premium",9,15.4161396660324,6,0
"CZA0270",49,8,5,"Standard",4,7.33379311876717,6,0
"CZA0271",72,11,0,"Premium",4,4.39171890690728,6,0
"CZA0272",18,12,3,"Basic",8,7.05651401294628,12,0
"CZA0273",22,15,2,"Premium",6,28.7267629251891,6,0
"CZA0274",28,12,2,"Standard",4,10.359638120039,6,0
"CZA0275",66,11,4,"Standard",7,1.76626306004123,1,0
"CZA0276",64,14,2,"Standard",7,20.0137870799302,1,0
"CZA0277",78,19,3,"Basic",10,10.7871095667827,1,0
"CZA0278",47,13,2,"Standard",7,7.2174359605526,12,0
"CZA0279",23,7,1,"Basic",5,7.29723467850031,12,0
"CZA0280",58,10,1,"Standard",5,6.65352770618285,6,0
"CZA0281",65,5,1,"Standard",8,8.84269448913447,12,0
"CZA0282",27,6,3,"Standard",3,5.19290435626862,1,1
"CZA0283",43,9,2,"Basic",7,8.97019913702939,12,0
"CZA0284",32,8,3,"Basic",6,3.84991389311721,12,0
"CZA0285",22,9,2,"Standard",5,8.50031152387501,12,0
"CZA0286",43,23,1,"Basic",10,16.0351982150136,6,0
"CZA0287",22,24,3,"Standard",8,10.5533598620501,12,0
"CZA0288",32,28,2,"Standard",10,15.2354473225919,6,0
"CZA0289",21,17,1,"Basic",8,3.44316761752045,24,0
"CZA0290",60,12,2,"Basic",10,7.67796815596192,12,0
"CZA0291",36,10,3,"Standard",7,11.3824786427922,6,0
"CZA0292",24,7,2,"Basic",8,3.49871791919577,1,0
"CZA0293",22,11,1,"Basic",5,22.1108853258169,6,0
"CZA0294",73,21,3,"Standard",6,3.58097243104001,12,0
"CZA0295",65,18,1,"Standard",9,8.29093787427743,1,0
"CZA0296",69,21,1,"Premium",6,8.21763645019198,6,0
"CZA0297",79,12,3,"Basic",4,8.04595283327293,6,0
"CZA0298",24,5,3,"Basic",6,6.37703203887101,1,0
"CZA0299",24,15,3,"Basic",7,10.1244749109648,24,0
"CZA0300",68,12,2,"Basic",8,3.59011722679991,1,0
"CZA0301",67,11,0,"Basic",8,2.9965003815373,12,0
"CZA0302",19,28,2,"Premium",10,4.67300322251331,1,0
"CZA0303",66,19,2,"Standard",8,7.09842641154561,6,0
"CZA0304",63,14,3,"Standard",8,17.809347755394,24,0
"CZA0305",57,7,3,"Premium",6,22.4483675787973,24,0
"CZA0306",48,14,2,"Standard",9,9.24087911811838,6,0
"CZA0307",28,22,0,"Premium",8,9.65150764591564,12,0
"CZA0308",19,17,1,"Standard",9,6.23045012536864,24,0
"CZA0309",46,14,3,"Basic",5,7.64183042446794,1,0
"CZA0310",49,18,0,"Basic",8,2.76438419871719,12,0
"CZA0311",42,12,1,"Basic",3,9.05170927665808,12,0
"CZA0312",47,11,1,"Basic",6,5.07899035283096,6,0
"CZA0313",62,12,3,"Basic",4,9.33970942712281,12,0
"CZA0314",21,19,1,"Standard",8,5.79973984706357,24,0
"CZA0315",40,12,3,"Basic",6,4.65000821197803,24,0
"CZA0316",68,19,0,"Standard",9,6.33837252670635,1,0
"CZA0317",70,7,3,"Basic",4,5.71541301116755,6,0
"CZA0318",33,7,1,"Basic",4,15.8981817205638,24,1
"CZA0319",40,14,2,"Basic",4,8.55439903545449,6,0
"CZA0320",71,19,0,"Standard",9,10.0015891793932,12,0
"CZA0321",71,11,3,"Basic",8,3.10000117319013,24,0
"CZA0322",36,14,1,"Premium",6,21.0684191545255,12,0
"CZA0323",27,1,4,"Standard",6,8.26111287273202,12,0
"CZA0324",62,15,1,"Basic",6,4.05764606131298,24,0
"CZA0325",24,12,5,"Premium",5,9.17362621883592,12,0
"CZA0326",20,15,1,"Basic",7,13.589586771461,6,0
"CZA0327",80,20,2,"Basic",9,2.80506301282873,12,0
"CZA0328",20,11,2,"Basic",4,24.1208082062976,6,1
"CZA0329",39,18,0,"Standard",5,6.61525606372235,6,0
"CZA0330",75,14,2,"Standard",7,16.1968948259284,12,0
"CZA0331",56,15,2,"Basic",8,7.77243051735871,6,0
"CZA0332",36,7,1,"Basic",2,5.85504690900531,6,1
"CZA0333",64,15,2,"Basic",4,2.04532349932139,24,0
"CZA0334",70,20,2,"Basic",8,3.42081712162705,24,0
"CZA0335",37,26,2,"Premium",10,7.17829428488425,24,0
"CZA0336",49,7,1,"Basic",5,13.1904987873388,6,0
"CZA0337",61,16,3,"Basic",9,1.97946170600809,6,0
"CZA0338",58,12,3,"Standard",5,19.3522516805746,1,0
"CZA0339",58,18,3,"Standard",7,19.6739086719599,1,0
"CZA0340",79,14,2,"Standard",9,3.31905007786302,1,0
"CZA0341",44,12,1,"Basic",6,10.2842170371789,24,0
"CZA0342",25,16,2,"Basic",7,3.58390343235408,6,0
"CZA0343",51,19,1,"Standard",6,6.76904500988227,1,0
"CZA0344",32,16,1,"Standard",7,14.1549433607042,1,0
"CZA0345",48,17,2,"Standard",6,13.5696781172075,6,0
"CZA0346",41,17,5,"Standard",5,4.0778821691333,6,0
"CZA0347",79,16,1,"Standard",6,5.63701393900857,12,0
"CZA0348",42,13,2,"Basic",6,3.73103434797902,12,0
"CZA0349",32,20,2,"Standard",8,9.37156928484775,12,0
"CZA0350",57,19,2,"Standard",9,2.48096447279756,12,0
"CZA0351",26,21,0,"Premium",8,1.17289164472264,24,0
"CZA0352",78,21,0,"Standard",8,20.673828926763,1,0
"CZA0353",50,18,0,"Standard",9,36.285965424841,6,0
"CZA0354",28,14,0,"Standard",10,5.37348418330738,24,0
"CZA0355",57,10,0,"Standard",6,12.5883494699395,12,0
"CZA0356",79,11,2,"Basic",8,7.35035088398682,6,0
"CZA0357",59,9,1,"Basic",7,20.7390761987507,6,0
"CZA0358",44,14,3,"Standard",7,10.8906078516105,6,0
"CZA0359",38,14,1,"Premium",4,8.52126475785017,6,0
"CZA0360",70,16,2,"Premium",6,2.09720285648827,12,0
"CZA0361",27,10,2,"Standard",5,15.7693625198365,12,0
"CZA0362",30,10,1,"Basic",4,5.7799929876095,24,0
"CZA0363",74,17,3,"Standard",6,2.76642795392881,6,0
"CZA0364",37,18,2,"Premium",7,6.41566293785528,1,0
"CZA0365",41,13,1,"Standard",8,6.76157119365601,12,0
"CZA0366",67,18,1,"Basic",6,15.5093770328548,6,0
"CZA0367",30,7,1,"Standard",6,3.26357355464296,12,0
"CZA0368",19,19,2,"Premium",7,5.00105785410469,24,0
"CZA0369",43,25,1,"Premium",10,20.940476273693,24,0
"CZA0370",48,15,1,"Premium",7,19.1263322638065,12,0
"CZA0371",44,17,1,"Standard",7,16.6806636070019,1,0
"CZA0372",39,12,1,"Standard",6,23.6429922853824,12,0
"CZA0373",72,15,1,"Standard",8,8.52345423977045,6,0
"CZA0374",46,19,2,"Standard",10,4.9169155795783,12,0
"CZA0375",51,10,3,"Standard",6,10.8986926677615,12,0
"CZA0376",78,10,3,"Basic",10,15.5041260934554,6,0
"CZA0377",66,18,1,"Standard",8,40.026562252145,1,0
"CZA0378",31,19,5,"Premium",10,1.86733516132726,12,0
"CZA0379",37,17,0,"Basic",7,8.94652324122098,6,0
"CZA0380",78,19,2,"Basic",5,11.6855870693566,1,0
"CZA0381",54,21,2,"Premium",6,7.11198181489619,12,0
"CZA0382",65,8,1,"Basic",4,2.48314133522623,6,0
"CZA0383",41,18,4,"Premium",10,12.4168028571747,1,0
"CZA0384",66,13,0,"Standard",9,4.28294124827347,12,0
"CZA0385",51,15,4,"Standard",8,10.5286809161907,1,0
"CZA0386",75,22,1,"Premium",9,13.9473035295756,6,0
"CZA0387",29,16,1,"Standard",6,18.1518032307486,12,0
"CZA0388",35,14,4,"Basic",6,2.48306911602194,24,0
"CZA0389",24,14,0,"Standard",6,15.7559692540351,6,0
"CZA0390",31,15,1,"Basic",6,4.34972685048809,24,0
"CZA0391",79,7,6,"Basic",5,2.99722352450881,12,0
"CZA0392",36,13,3,"Standard",6,18.5417410990978,6,0
"CZA0393",63,23,2,"Standard",9,16.4838643011207,6,0
"CZA0394",67,16,1,"Basic",8,6.23508188775123,12,0
"CZA0395",25,8,2,"Basic",8,12.5745948196694,1,0
"CZA0396",33,7,3,"Basic",2,4.04617496195994,1,0
"CZA0397",35,10,2,"Standard",7,6.64774629795112,6,0
"CZA0398",24,16,2,"Basic",7,6.91984753150535,12,0
"CZA0399",25,17,0,"Standard",7,6.07074882181422,24,0
"CZA0400",79,12,1,"Standard",4,12.3526314783665,1,0
"CZA0401",79,13,1,"Standard",7,21.674344388429,24,0
"CZA0402",26,18,1,"Basic",6,5.37071075328974,24,0
"CZA0403",74,11,0,"Basic",7,7.22205171328526,6,0
"CZA0404",54,17,2,"Premium",6,23.2366353805063,1,0
"CZA0405",43,17,1,"Standard",10,5.86891994184116,1,0
"CZA0406",46,12,3,"Basic",5,1.19383794413044,12,0
"CZA0407",62,9,2,"Basic",5,10.5887132968082,6,0
"CZA0408",23,13,5,"Standard",5,3.97280499162911,24,0
"CZA0409",39,10,0,"Standard",6,3.67305270410718,24,0
"CZA0410",60,15,5,"Basic",10,19.9768033815962,12,0
"CZA0411",38,20,3,"Basic",7,41.0010880808983,1,0
"CZA0412",70,18,4,"Premium",9,3.56852455703318,24,0
"CZA0413",31,17,2,"Basic",6,15.2064187844883,6,0
"CZA0414",49,10,1,"Basic",8,6.91779109772277,6,0
"CZA0415",35,14,1,"Standard",8,8.16017179003121,1,0
"CZA0416",30,14,3,"Standard",6,17.3842685512424,6,0
"CZA0417",77,8,2,"Standard",6,8.58118626192626,12,0
"CZA0418",38,15,1,"Standard",6,4.07163342675752,12,0
"CZA0419",48,17,3,"Standard",8,5.31596091068667,24,0
"CZA0420",20,20,1,"Premium",7,11.9447837727481,12,0
"CZA0421",52,22,3,"Standard",9,1.44027903294965,12,0
"CZA0422",58,6,2,"Basic",8,15.9055971181948,1,0
"CZA0423",55,18,2,"Standard",9,2.46698049417473,12,0
"CZA0424",38,19,4,"Standard",8,7.50336618091516,12,0
"CZA0425",73,14,2,"Standard",7,6.46723535924404,24,0
"CZA0426",57,20,0,"Premium",9,18.2679588037753,12,0
"CZA0427",37,6,2,"Basic",7,8.43335368699095,6,0
"CZA0428",42,16,6,"Standard",8,7.93558753276294,1,0
"CZA0429",28,0,4,"Basic",5,12.0455472183963,12,0
"CZA0430",71,17,2,"Standard",8,4.141631575932,24,0
"CZA0431",77,21,4,"Basic",9,6.44220453574543,24,0
"CZA0432",53,21,1,"Basic",9,16.8492996083668,12,0
"CZA0433",38,4,3,"Premium",5,11.9225496393803,6,0
"CZA0434",80,16,3,"Basic",9,3.02572975972656,24,0
"CZA0435",33,11,1,"Basic",6,11.5486605112172,6,0
"CZA0436",56,13,1,"Basic",7,2.81704161833629,12,0
"CZA0437",25,6,2,"Premium",5,4.86069988788195,6,0
"CZA0438",48,19,4,"Premium",6,17.2471044031444,24,0
"CZA0439",24,12,2,"Standard",8,1.52847174569279,6,0
"CZA0440",28,17,2,"Standard",6,2.12695220719859,24,0
"CZA0441",36,16,1,"Premium",9,18.3744455589025,24,0
"CZA0442",54,10,2,"Standard",4,4.17721623070874,6,0
"CZA0443",63,15,0,"Basic",6,17.6475138130169,6,0
"CZA0444",28,20,2,"Premium",9,6.56810172150939,6,0
"CZA0445",72,15,3,"Standard",7,9.96862813146956,6,0
"CZA0446",62,20,3,"Premium",5,13.0566191891986,1,0
"CZA0447",65,11,0,"Basic",8,4.68399646691867,6,0
"CZA0448",27,21,2,"Standard",4,5.97023538020547,6,0
"CZA0449",40,13,2,"Standard",6,5.5258218156038,12,0
"CZA0450",60,10,1,"Basic",4,53.0512800141005,12,0
"CZA0451",50,22,2,"Premium",8,8.07120628146447,1,0
"CZA0452",40,21,3,"Standard",8,10.2878161415284,12,0
"CZA0453",33,18,3,"Standard",7,5.82100263721476,6,0
"CZA0454",22,18,0,"Premium",7,6.23854230511402,24,0
"CZA0455",33,21,2,"Basic",8,19.3971911247027,1,1
"CZA0456",73,8,3,"Basic",6,5.82862679425384,1,0
"CZA0457",68,21,1,"Standard",7,7.49394538063746,24,0
"CZA0458",64,24,3,"Standard",6,9.62028139124265,6,0
"CZA0459",28,15,3,"Standard",6,5.46188177859425,24,0
"CZA0460",26,16,0,"Basic",4,29.1176613501016,12,0
"CZA0461",78,20,5,"Premium",9,2.71849460063305,6,0
"CZA0462",45,19,3,"Basic",10,30.2019075378765,24,0
"CZA0463",47,13,3,"Premium",5,5.77700670701682,1,0
"CZA0464",28,19,1,"Standard",6,19.1056433123996,6,0
"CZA0465",54,4,0,"Basic",3,1.82316830092697,12,0
"CZA0466",35,25,4,"Standard",10,14.429236127969,12,0
"CZA0467",32,10,4,"Basic",6,13.6467566519749,6,0
"CZA0468",61,13,1,"Standard",7,3.03480787660952,6,0
"CZA0469",36,14,2,"Basic",8,4.31532778210096,12,0
"CZA0470",68,11,2,"Premium",7,8.46100018518414,6,0
"CZA0471",24,12,3,"Basic",7,16.4559119245518,6,0
"CZA0472",69,15,0,"Standard",5,4.32235540876187,6,0
"CZA0473",45,15,3,"Premium",7,6.31616235025141,12,0
"CZA0474",65,25,1,"Standard",8,22.1966828043087,12,0
"CZA0475",59,8,2,"Premium",4,3.35635959049685,12,0
"CZA0476",46,12,3,"Basic",5,14.3457794864245,12,0
"CZA0477",57,19,2,"Basic",9,10.1161962892956,24,0
"CZA0478",18,9,8,"Basic",4,3.40733285062529,6,0
"CZA0479",31,12,3,"Basic",6,4.62970203380867,1,0
"CZA0480",62,23,3,"Basic",10,12.7852767786642,12,0
"CZA0481",31,6,3,"Standard",6,8.79577597054475,6,0
"CZA0482",68,9,0,"Basic",7,20.0367641622036,12,0
"CZA0483",37,9,3,"Standard",6,4.84889685517009,24,0
"CZA0484",61,20,3,"Premium",8,2.22522628714462,6,0
"CZA0485",76,9,6,"Basic",3,15.3863207014031,1,0
"CZA0486",25,15,0,"Basic",6,4.82574374568855,6,0
"CZA0487",26,14,3,"Premium",5,8.03846680230881,6,0
"CZA0488",60,12,2,"Basic",6,24.6143417172077,24,0
"CZA0489",45,19,2,"Standard",10,6.20099748248394,6,0
"CZA0490",70,14,3,"Basic",7,21.8606611969481,24,0
"CZA0491",78,5,0,"Standard",4,3.42808653859299,24,0
"CZA0492",22,14,0,"Premium",8,14.1237512392185,6,0
"CZA0493",47,17,7,"Basic",8,8.78248544874321,12,1
"CZA0494",61,22,3,"Basic",8,4.41169920478282,1,0
"CZA0495",23,9,1,"Standard",5,3.01618788042842,24,0
"CZA0496",80,14,3,"Standard",7,7.79631015343043,1,0
"CZA0497",34,17,6,"Premium",7,8.8340655533247,1,0
"CZA0498",21,9,1,"Basic",7,8.97293452971661,6,0
"CZA0499",61,6,2,"Basic",5,10.7596089976185,24,0
"CZA0500",67,22,2,"Basic",7,5.35301580424761,6,0
"CZA0501",40,22,4,"Standard",10,5.16485688962392,1,0
"CZA0502",41,6,6,"Basic",4,8.72206930501493,24,0
"CZA0503",36,6,2,"Standard",7,5.0575773287802,24,0
"CZA0504",23,14,1,"Standard",5,17.3476899412214,12,0
"CZA0505",41,19,3,"Premium",9,8.34694090099274,24,0
"CZA0506",29,12,2,"Basic",8,4.80334321566936,12,0
"CZA0507",51,23,2,"Premium",10,2.08584682764359,24,0
"CZA0508",49,14,2,"Standard",7,4.70875351201618,24,0
"CZA0509",77,7,2,"Basic",6,30.9450545035274,1,0
"CZA0510",39,21,2,"Basic",5,4.9901516755748,12,0
"CZA0511",47,12,2,"Basic",7,4.11566525081791,6,0
"CZA0512",23,12,5,"Basic",6,11.6704878820872,6,0
"CZA0513",71,14,3,"Standard",8,10.063401083337,6,0
"CZA0514",43,13,1,"Basic",7,12.5051472507973,6,0
"CZA0515",64,5,2,"Premium",7,6.08251000399161,24,0
"CZA0516",29,18,2,"Standard",7,16.2137224967855,24,0
"CZA0517",46,17,0,"Basic",9,3.25168654239173,12,0
"CZA0518",66,20,1,"Premium",8,7.14052470979719,24,0
"CZA0519",22,13,2,"Standard",8,4.51363025332612,12,0
"CZA0520",69,13,1,"Basic",5,11.8999124936068,12,0
"CZA0521",37,8,3,"Standard",7,8.09304242740417,24,0
"CZA0522",41,15,0,"Basic",6,16.067452745163,24,0
"CZA0523",37,9,3,"Basic",6,31.2166188447976,24,0
"CZA0524",20,24,2,"Premium",7,8.15359449380966,6,0
"CZA0525",50,10,3,"Standard",7,5.08232250665078,12,0
"CZA0526",60,7,0,"Premium",10,4.15178470600245,1,0
"CZA0527",74,16,0,"Standard",10,6.14645942286658,12,0
"CZA0528",20,5,2,"Basic",6,7.03768101444199,6,0
"CZA0529",79,10,2,"Standard",5,29.7926387237836,12,0
"CZA0530",37,21,1,"Premium",9,3.35222170010967,1,0
"CZA0531",76,22,3,"Basic",8,3.43751145184371,1,0
"CZA0532",61,12,3,"Basic",3,5.55347199461712,12,0
"CZA0533",46,18,4,"Basic",7,11.1483513328511,24,0
"CZA0534",69,10,2,"Premium",6,13.1284062920037,12,0
"CZA0535",20,22,2,"Basic",8,3.91355320935635,1,0
"CZA0536",64,17,1,"Premium",7,8.07624490028968,6,0
"CZA0537",40,9,1,"Basic",7,7.17049661756528,12,0
"CZA0538",69,15,1,"Basic",10,17.0584303344364,24,0
"CZA0539",51,13,4,"Premium",8,15.838355563341,1,0
"CZA0540",35,13,2,"Basic",8,5.93818489767585,1,0
"CZA0541",68,16,0,"Standard",7,7.63082249245804,1,0
"CZA0542",24,21,3,"Standard",8,11.6686508285691,6,0
"CZA0543",70,12,1,"Standard",8,2.32229322002134,24,0
"CZA0544",35,11,2,"Basic",8,5.94654467609629,24,0
"CZA0545",65,14,2,"Basic",6,11.049785530841,24,0
"CZA0546",78,19,1,"Standard",9,5.12298610120127,1,0
"CZA0547",23,22,0,"Basic",7,7.08554830041312,12,0
"CZA0548",71,23,2,"Standard",7,7.28119302029453,1,0
"CZA0549",68,20,2,"Standard",10,4.45239765510697,12,0
"CZA0550",42,5,5,"Standard",5,3.68350267987392,6,0
"CZA0551",38,22,5,"Premium",8,6.42433379236806,12,0
"CZA0552",31,17,0,"Basic",9,5.79549286973338,6,0
"CZA0553",53,14,2,"Premium",7,13.2482642779808,12,0
"CZA0554",73,10,1,"Basic",5,21.5616774915896,12,0
"CZA0555",51,6,1,"Basic",5,7.32764611796515,1,0
"CZA0556",54,15,1,"Standard",4,9.76759617906317,12,0
"CZA0557",59,13,3,"Basic",6,7.03367465839487,12,0
"CZA0558",51,8,1,"Premium",5,11.2565692404967,6,0
"CZA0559",50,7,1,"Standard",3,8.61019377156944,12,0
"CZA0560",19,16,6,"Standard",7,8.7199791887094,6,0
"CZA0561",21,8,3,"Basic",5,16.1035636035157,12,0
"CZA0562",76,16,1,"Premium",9,3.70174820323203,1,0
"CZA0563",66,18,3,"Basic",7,20.3586281386327,12,0
"CZA0564",30,11,1,"Basic",5,9.43455193970948,12,0
"CZA0565",58,18,2,"Premium",8,8.38609860945697,12,0
"CZA0566",59,18,1,"Standard",8,4.99197041320989,1,0
"CZA0567",43,9,0,"Standard",6,6.58823633936334,6,1
"CZA0568",68,21,4,"Standard",9,9.59823630245597,12,0
"CZA0569",52,20,0,"Standard",7,1.74263793508286,6,0
"CZA0570",73,19,4,"Basic",7,4.84978626939962,1,0
"CZA0571",52,15,1,"Premium",8,11.1361227753218,12,0
"CZA0572",74,10,0,"Premium",8,6.01263296262796,12,0
"CZA0573",54,16,3,"Basic",4,4.21913747843424,12,0
"CZA0574",44,16,1,"Basic",7,4.73515200336171,12,0
"CZA0575",77,28,0,"Standard",10,8.71481388198843,6,0
"CZA0576",62,26,3,"Premium",7,2.35282640409111,6,0
"CZA0577",44,15,0,"Premium",9,13.5971534869839,6,0
"CZA0578",19,12,2,"Premium",6,1.61889809233714,6,0
"CZA0579",53,16,1,"Basic",8,5.19482186561018,12,0
"CZA0580",48,23,2,"Basic",10,4.25873541263729,24,0
"CZA0581",72,7,2,"Basic",7,3.08323648877223,24,0
"CZA0582",68,9,0,"Basic",8,3.47454960978178,6,0
"CZA0583",71,22,1,"Basic",5,8.80266175162111,1,0
"CZA0584",41,22,0,"Basic",6,6.79480383489016,6,0
"CZA0585",72,14,3,"Basic",8,5.98587877187258,12,0
"CZA0586",27,7,2,"Standard",4,1.4556686627617,12,0
"CZA0587",35,10,2,"Basic",5,2.924067136002,1,0
"CZA0588",59,19,1,"Basic",10,6.74016915153429,1,0
"CZA0589",79,24,2,"Basic",9,3.99632581557182,12,0
"CZA0590",54,17,1,"Premium",7,4.23025277426525,12,0
"CZA0591",51,12,3,"Standard",6,15.4047899858331,12,0
"CZA0592",22,17,4,"Standard",5,8.35543181355638,24,0
"CZA0593",78,16,2,"Standard",4,3.55839202641307,24,0
"CZA0594",25,8,2,"Basic",5,5.32233858014,6,0
"CZA0595",23,16,1,"Basic",8,6.05308199452265,6,0
"CZA0596",73,22,0,"Standard",6,4.5896022894303,1,0
"CZA0597",50,13,2,"Basic",4,3.76279665689722,12,0
"CZA0598",39,18,1,"Standard",10,7.12590790001016,24,0
"CZA0599",73,16,3,"Standard",8,12.4141419632486,1,0
"CZA0600",20,17,1,"Standard",8,8.66070737701998,6,0
"CZA0601",33,12,2,"Basic",8,6.42307574575076,6,0
"CZA0602",61,21,0,"Standard",9,9.69368043203941,24,0
"CZA0603",32,16,1,"Standard",6,12.8808647440543,12,0
"CZA0604",38,12,3,"Standard",8,6.69686984037014,1,0
"CZA0605",29,18,3,"Standard",6,10.1661506636499,6,0
"CZA0606",68,18,0,"Basic",7,3.31381125993629,6,0
"CZA0607",27,17,4,"Premium",8,6.2043119013304,24,0
"CZA0608",69,0,0,"Basic",4,5.50574012532129,6,0
"CZA0609",39,21,2,"Basic",9,8.47368223339576,24,0
"CZA0610",41,9,2,"Basic",7,9.48890915937658,12,0
"CZA0611",57,13,2,"Standard",5,6.77654520095032,24,0
"CZA0612",24,21,3,"Basic",6,4.32170518898493,12,0
"CZA0613",19,6,2,"Standard",3,3.85434101029412,6,0
"CZA0614",80,9,6,"Standard",7,8.97968162070806,12,0
"CZA0615",54,9,6,"Basic",5,19.101861606134,12,0
"CZA0616",66,10,1,"Premium",7,4.25887518164711,24,0
"CZA0617",73,19,2,"Basic",10,5.64427032811917,6,0
"CZA0618",65,19,1,"Basic",7,9.31360646961091,12,0
"CZA0619",79,16,2,"Basic",9,5.01165241943891,12,0
"CZA0620",21,15,1,"Premium",6,8.04540097222874,1,0
"CZA0621",74,13,0,"Standard",8,7.14692874388832,1,0
"CZA0622",72,12,0,"Standard",6,4.29144663307109,6,0
"CZA0623",66,12,0,"Standard",5,13.2236762180014,12,0
"CZA0624",41,17,3,"Standard",9,13.3620083987251,24,0
"CZA0625",21,18,2,"Basic",9,15.1333006193522,24,0
"CZA0626",41,15,3,"Premium",6,17.9501345428153,12,0
"CZA0627",35,15,2,"Basic",7,5.18384339063714,6,0
"CZA0628",71,3,1,"Standard",8,5.33806203572385,6,0
"CZA0629",40,17,2,"Premium",6,8.87157726189922,12,0
"CZA0630",37,11,4,"Standard",6,11.4851705241726,6,1
"CZA0631",65,20,3,"Standard",10,5.82559820690119,24,0
"CZA0632",70,23,2,"Premium",7,5.49401124318902,24,0
"CZA0633",46,2,2,"Basic",8,4.79325600352724,6,0
"CZA0634",63,18,2,"Basic",7,20.8539071402918,12,0
"CZA0635",24,10,4,"Basic",5,1.27670629379772,6,0
"CZA0636",32,14,4,"Standard",7,6.57119285139995,6,0
"CZA0637",77,19,1,"Standard",9,7.58937326287975,1,0
"CZA0638",65,16,1,"Basic",10,3.51933931680755,24,0
"CZA0639",69,13,0,"Premium",7,9.67744699555617,24,0
"CZA0640",44,17,3,"Standard",8,1.86458521089512,12,0
"CZA0641",55,11,0,"Basic",4,14.4180111998484,6,0
"CZA0642",68,21,3,"Standard",8,2.30630710757112,1,0
"CZA0643",73,7,3,"Standard",2,1.5810443092601,6,0
"CZA0644",42,17,4,"Basic",7,4.32973059548329,6,1
"CZA0645",24,22,2,"Standard",10,8.27679880376669,1,0
"CZA0646",57,0,4,"Basic",4,4.68283167007879,24,0
"CZA0647",64,18,3,"Standard",8,4.99530815707492,1,0
"CZA0648",23,11,4,"Basic",6,9.33007900380002,6,0
"CZA0649",37,18,1,"Premium",7,3.52108561339941,12,0
"CZA0650",56,14,0,"Standard",7,6.95809213314342,6,0
"CZA0651",65,20,1,"Premium",6,10.4704090726515,1,0
"CZA0652",75,18,3,"Basic",7,23.1916606589168,1,0
"CZA0653",47,18,1,"Standard",7,10.3358281119704,1,0
"CZA0654",53,12,1,"Basic",7,24.5407277502323,6,0
"CZA0655",64,11,0,"Basic",7,10.1473442750204,6,0
"CZA0656",71,14,2,"Standard",6,7.37231089422433,24,0
"CZA0657",74,12,0,"Basic",8,1.52260944126907,12,0
"CZA0658",21,14,4,"Basic",9,3.13534436594425,24,0
"CZA0659",49,13,0,"Premium",5,5.91047478098434,6,0
"CZA0660",40,16,3,"Basic",7,12.1653204651392,24,0
"CZA0661",70,10,3,"Standard",5,5.89580156690436,6,0
"CZA0662",68,8,0,"Standard",5,10.8108908155893,6,0
"CZA0663",25,16,1,"Standard",8,3.50900335850693,24,0
"CZA0664",62,17,2,"Standard",9,6.09890470106578,6,0
"CZA0665",33,20,3,"Standard",9,8.60122145421416,12,0
"CZA0666",23,17,1,"Basic",7,5.74557502274974,24,0
"CZA0667",76,14,4,"Basic",8,7.9963260023665,12,0
"CZA0668",28,18,1,"Standard",9,4.62037736162172,12,0
"CZA0669",58,10,2,"Standard",5,9.60267452744343,12,0
"CZA0670",29,7,1,"Basic",6,6.98148451394715,6,0
"CZA0671",19,9,2,"Standard",4,7.14966467741706,6,0
"CZA0672",50,15,2,"Standard",9,1.88862497811052,6,0
"CZA0673",23,20,0,"Premium",8,4.6109411634635,24,0
"CZA0674",36,20,3,"Standard",10,2.60452193615014,6,0
"CZA0675",44,20,1,"Basic",9,2.40126902893748,6,0
"CZA0676",54,19,2,"Premium",8,5.22932302728131,6,0
"CZA0677",68,16,2,"Premium",8,6.60245231288261,12,0
"CZA0678",31,10,2,"Basic",4,9.01166778316335,1,0
"CZA0679",46,14,2,"Basic",5,15.8613265700716,12,0
"CZA0680",46,15,1,"Standard",6,10.085313007351,12,0
"CZA0681",63,13,1,"Standard",7,15.0059867558212,12,0
"CZA0682",62,12,2,"Standard",6,5.11195952120026,12,0
"CZA0683",70,10,7,"Standard",5,5.95667165993169,1,0
"CZA0684",73,10,1,"Standard",7,15.7938120212937,1,0
"CZA0685",77,20,1,"Basic",7,7.39530270272712,6,0
"CZA0686",52,16,0,"Standard",9,2.27920956085397,24,0
"CZA0687",50,13,2,"Standard",5,4.08536524932961,6,0
"CZA0688",29,7,2,"Standard",5,14.9590196933957,1,0
"CZA0689",48,14,3,"Basic",6,4.81860236200816,6,0
"CZA0690",34,15,5,"Premium",6,9.33164108684193,1,0
"CZA0691",20,13,2,"Basic",5,7.46298812508685,6,0
"CZA0692",57,12,0,"Basic",7,5.22027287198665,12,0
"CZA0693",51,17,1,"Basic",9,5.78026497648217,6,0
"CZA0694",27,13,4,"Basic",7,9.7201823977866,12,0
"CZA0695",36,12,3,"Basic",9,8.55661938273973,24,0
"CZA0696",54,27,3,"Standard",7,17.5362312516294,1,0
"CZA0697",28,20,4,"Standard",7,6.42454718269157,6,0
"CZA0698",24,14,2,"Basic",8,3.87193495546493,1,0
"CZA0699",45,11,2,"Standard",7,8.29897631044951,24,0
"CZA0700",40,21,1,"Standard",9,12.1063993811238,1,0
"CZA0701",70,8,3,"Basic",8,36.5023582835281,12,1
"CZA0702",34,13,0,"Basic",9,5.34104801297376,24,0
"CZA0703",19,21,2,"Premium",6,5.87997493804504,6,0
"CZA0704",71,11,4,"Basic",6,13.7047878143065,24,0
"CZA0705",39,11,3,"Basic",4,18.1178979833738,6,0
"CZA0706",57,19,3,"Premium",6,4.65956781547595,1,0
"CZA0707",52,14,0,"Basic",7,11.7658270648244,1,0
"CZA0708",41,14,2,"Standard",7,4.97482274171795,1,0
"CZA0709",30,16,6,"Premium",6,3.76773946731777,1,0
"CZA0710",45,16,2,"Standard",8,11.4312705553852,12,0
"CZA0711",57,19,1,"Premium",7,7.96095080462953,1,0
"CZA0712",50,19,0,"Basic",8,9.70393637164155,12,0
"CZA0713",59,13,0,"Standard",7,4.92166826998281,12,0
"CZA0714",63,24,4,"Premium",8,25.9581225709326,12,0
"CZA0715",48,6,1,"Basic",4,11.7717383815338,6,0
"CZA0716",42,10,4,"Basic",5,5.6854956105736,1,0
"CZA0717",18,8,2,"Standard",6,12.0845073958543,6,0
"CZA0718",18,15,2,"Basic",6,3.15768742223304,6,0
"CZA0719",80,15,5,"Basic",7,6.70983869455848,24,0
"CZA0720",25,6,0,"Basic",4,19.7341478603391,12,0
"CZA0721",44,13,3,"Basic",6,6.47411864602537,1,0
"CZA0722",63,8,1,"Basic",6,13.9760235854301,6,0
"CZA0723",64,15,2,"Basic",6,6.32591444132487,12,0
"CZA0724",72,5,1,"Basic",4,1.4790226822022,1,0
"CZA0725",56,19,0,"Standard",6,3.9902393561149,1,0
"CZA0726",65,13,3,"Basic",8,8.63578815868497,1,0
"CZA0727",71,12,1,"Premium",10,20.3399492931224,24,0
"CZA0728",56,15,2,"Standard",6,4.87743034484324,6,0
"CZA0729",67,12,2,"Basic",7,8.96371989756524,6,0
"CZA0730",19,15,1,"Premium",9,3.76078043124153,6,0
"CZA0731",44,8,6,"Standard",5,3.62727120370567,12,0
"CZA0732",72,10,2,"Basic",5,4.28824839319486,24,0
"CZA0733",58,12,0,"Basic",7,19.2660301088912,1,0
"CZA0734",75,6,4,"Basic",4,14.2708224244741,12,0
"CZA0735",29,15,4,"Basic",7,11.1961011951583,1,0
"CZA0736",38,24,2,"Premium",8,16.1323050653671,12,0
"CZA0737",68,21,1,"Premium",7,5.48985861656098,24,0
"CZA0738",79,9,3,"Basic",6,12.5749137337761,24,0
"CZA0739",38,12,5,"Standard",6,8.55692155897517,24,0
"CZA0740",18,13,3,"Standard",10,3.54532329267412,1,0
"CZA0741",80,20,0,"Premium",4,4.12991342549265,12,0
"CZA0742",27,13,5,"Basic",8,7.65253566460505,6,0
"CZA0743",21,10,2,"Standard",5,8.53300037112691,6,0
"CZA0744",55,7,0,"Standard",5,5.90057088816928,6,0
"CZA0745",38,16,1,"Basic",6,3.67832001157012,1,0
"CZA0746",51,10,0,"Standard",7,1.70979869550447,24,0
"CZA0747",67,17,3,"Standard",9,9.95091827253125,6,0
"CZA0748",22,15,3,"Standard",8,6.00930922059363,6,0
"CZA0749",61,19,4,"Standard",6,10.8526861223539,6,0
"CZA0750",77,20,1,"Standard",10,2.50396563906329,12,0
"CZA0751",35,6,5,"Basic",5,3.07303245760594,24,0
"CZA0752",33,18,3,"Basic",8,6.83507667240964,6,0
"CZA0753",28,16,3,"Basic",7,2.74843188405185,6,1
"CZA0754",22,13,2,"Standard",6,1.8439911107633,12,0
"CZA0755",53,13,5,"Basic",7,12.7881221807918,6,0
"CZA0756",48,15,2,"Basic",5,13.8822151852627,12,0
"CZA0757",49,18,4,"Standard",9,3.59313632986475,6,0
"CZA0758",73,4,1,"Basic",6,6.10775888930286,1,0
"CZA0759",20,22,2,"Standard",9,3.34082895521991,24,0
"CZA0760",31,6,4,"Basic",7,9.22114154500472,12,0
"CZA0761",50,5,3,"Standard",3,7.23713340385111,24,0
"CZA0762",33,18,0,"Basic",9,4.0203850608646,6,0
"CZA0763",54,5,1,"Basic",5,4.29756128707507,24,0
"CZA0764",48,16,2,"Premium",8,3.51325572520229,12,0
"CZA0765",53,6,2,"Basic",5,10.0288103276161,24,0
"CZA0766",27,4,6,"Basic",4,11.0199381751645,12,0
"CZA0767",27,11,4,"Basic",5,9.6170005804896,24,0
"CZA0768",44,18,1,"Standard",9,4.09586206571986,6,0
"CZA0769",60,17,3,"Standard",9,2.11632535205245,24,0
"CZA0770",59,10,4,"Basic",8,10.7146607179246,12,0
"CZA0771",75,13,2,"Basic",7,6.52772660761564,6,0
"CZA0772",68,13,2,"Basic",5,7.1880890318284,12,0
"CZA0773",60,13,1,"Basic",9,15.2181620977801,12,0
"CZA0774",68,11,2,"Basic",4,3.95325352036117,12,0
"CZA0775",26,15,1,"Basic",7,16.4579843121758,12,0
"CZA0776",34,12,2,"Premium",7,5.53319802648733,1,0
"CZA0777",39,19,1,"Premium",6,4.48513468325345,24,0
"CZA0778",43,15,1,"Premium",5,6.39795046559856,6,0
"CZA0779",57,13,2,"Standard",7,9.70861669432401,6,0
"CZA0780",68,17,2,"Basic",10,6.39137259115985,12,0
"CZA0781",34,11,1,"Basic",5,3.93395367997835,12,0
"CZA0782",69,10,1,"Standard",5,6.06699245196684,24,0
"CZA0783",19,7,3,"Basic",4,1.24688473577183,6,0
"CZA0784",59,20,2,"Premium",10,5.17604795840199,1,0
"CZA0785",68,3,0,"Standard",4,10.1672965857232,1,0
"CZA0786",47,11,0,"Basic",5,6.56346167298825,12,0
"CZA0787",31,16,5,"Standard",6,11.963129827895,1,0
"CZA0788",19,8,1,"Standard",5,10.3831853429888,6,0
"CZA0789",36,13,3,"Basic",6,11.610997652303,24,0
"CZA0790",75,18,3,"Standard",9,11.6958193977322,1,0
"CZA0791",76,4,1,"Basic",5,2.18801221449657,6,0
"CZA0792",52,9,0,"Basic",7,7.4106027294951,12,0
"CZA0793",32,26,2,"Premium",8,23.1280723794375,24,0
"CZA0794",48,12,3,"Standard",7,5.27859699132959,12,0
"CZA0795",68,10,1,"Standard",1,10.1448045728289,1,0
"CZA0796",43,9,1,"Basic",7,8.16923779754696,12,0
"CZA0797",24,15,2,"Premium",7,10.9124960329348,12,0
"CZA0798",35,16,5,"Standard",7,6.10787497433255,24,0
"CZA0799",40,11,2,"Standard",7,4.69355594518202,6,0
"CZA0800",34,14,2,"Basic",5,7.77079589603539,1,0
"CZA0801",47,19,1,"Standard",7,8.54606020054821,6,0
"CZA0802",41,19,3,"Premium",8,6.49003158369622,12,0
"CZA0803",26,19,1,"Standard",5,7.55348061409455,6,0
"CZA0804",21,9,2,"Basic",6,9.8546788601392,6,0
"CZA0805",34,16,2,"Premium",7,4.29165000985909,24,0
"CZA0806",78,18,0,"Standard",7,16.4080876069525,24,0
"CZA0807",48,13,5,"Basic",5,34.4852670059519,12,0
"CZA0808",48,14,2,"Basic",9,20.7810960584372,1,0
"CZA0809",64,13,4,"Basic",4,5.37580056100149,12,0
"CZA0810",59,18,2,"Premium",5,2.06262390315088,1,0
"CZA0811",21,15,1,"Standard",6,7.67477187555437,1,0
"CZA0812",61,10,2,"Standard",8,13.6835072111891,12,0
"CZA0813",41,18,3,"Premium",8,12.7390832423416,24,0
"CZA0814",73,13,3,"Standard",7,3.12419689856761,1,0
"CZA0815",66,24,2,"Premium",8,3.38988515243125,1,0
"CZA0816",27,12,2,"Standard",7,8.11424569263828,6,0
"CZA0817",36,16,2,"Standard",8,11.4530599835062,6,0
"CZA0818",26,5,2,"Standard",6,13.6133668231338,1,0
"CZA0819",55,12,2,"Standard",8,13.0851027081686,12,0
"CZA0820",53,11,0,"Standard",5,3.75248075384452,24,0
"CZA0821",61,23,6,"Premium",8,2.94814588931918,12,0
"CZA0822",37,12,2,"Basic",7,1.80621980435815,12,0
"CZA0823",56,14,0,"Basic",8,10.5218378056813,24,0
"CZA0824",79,19,4,"Premium",7,13.1928906322902,1,0
"CZA0825",64,12,2,"Standard",7,9.34737431724271,6,0
"CZA0826",23,15,4,"Basic",6,3.52053472221154,12,0
"CZA0827",46,21,0,"Basic",8,22.1403497634876,24,0
"CZA0828",21,18,4,"Standard",9,5.70245830215643,6,0
"CZA0829",39,19,3,"Standard",5,25.6700990392593,24,0
"CZA0830",64,11,3,"Standard",7,10.8697250188193,12,0
"CZA0831",18,16,4,"Standard",9,17.0000698277055,24,0
"CZA0832",66,14,2,"Basic",6,9.31309578345486,12,0
"CZA0833",47,10,4,"Basic",7,7.062106939432,24,0
"CZA0834",63,16,1,"Standard",6,3.63720799191606,1,0
"CZA0835",59,23,0,"Basic",9,4.99801116781001,12,0
"CZA0836",53,10,1,"Standard",6,7.14937195657392,12,0
"CZA0837",62,18,2,"Standard",8,9.00204566473036,1,0
"CZA0838",59,10,1,"Standard",4,7.21921738332564,12,0
"CZA0839",36,19,4,"Premium",8,6.52355587995936,24,0
"CZA0840",24,8,3,"Basic",4,8.40174869247958,1,0
"CZA0841",78,20,1,"Premium",7,5.11889998957048,12,0
"CZA0842",64,11,2,"Premium",8,5.07762575137885,12,0
"CZA0843",56,15,2,"Standard",6,2.66713992420073,1,0
"CZA0844",25,20,3,"Basic",8,13.3616682481643,24,0
"CZA0845",52,12,2,"Basic",7,7.63583774999182,24,0
"CZA0846",34,12,0,"Basic",6,6.96893932915694,24,0
"CZA0847",74,20,2,"Basic",9,4.39891082125695,24,0
"CZA0848",19,27,1,"Premium",9,6.21246834022126,6,0
"CZA0849",33,29,3,"Premium",10,3.45302963584925,6,0
"CZA0850",26,15,1,"Premium",6,3.54483584679377,6,0
"CZA0851",38,10,4,"Standard",5,1.92848314718066,1,0
"CZA0852",63,18,3,"Standard",7,14.6903253969185,6,0
"CZA0853",79,17,2,"Standard",8,8.0701724998678,12,0
"CZA0854",62,19,0,"Basic",10,3.38128744247663,6,0
"CZA0855",49,14,2,"Basic",6,16.6873445810528,1,0
"CZA0856",45,14,2,"Basic",3,11.4411233762856,12,0
"CZA0857",77,23,6,"Standard",7,12.4244659877911,12,0
"CZA0858",25,16,1,"Standard",6,6.30889538346069,1,0
"CZA0859",23,18,2,"Standard",9,5.49582984905698,12,0
"CZA0860",73,19,4,"Premium",8,6.89890682985133,24,0
"CZA0861",44,13,2,"Basic",9,9.80883450183068,24,0
"CZA0862",21,10,3,"Basic",7,12.9350440956297,6,0
"CZA0863",58,13,0,"Standard",4,22.4800535012129,6,0
"CZA0864",47,5,4,"Standard",6,5.17402397295707,12,0
"CZA0865",56,21,2,"Standard",7,3.62953549142512,24,0
"CZA0866",35,5,1,"Basic",5,7.9295878908334,24,0
"CZA0867",28,10,2,"Basic",6,61.2811891052597,24,0
"CZA0868",25,15,4,"Premium",7,5.4737772008169,1,0
"CZA0869",49,21,2,"Standard",8,16.4771875649216,6,0
"CZA0870",52,13,2,"Basic",9,6.23283479941467,12,0
"CZA0871",27,20,1,"Standard",10,5.28577755596808,24,0
"CZA0872",29,12,3,"Basic",5,4.49384199684559,6,0
"CZA0873",65,21,1,"Basic",8,6.37337247618861,6,0
"CZA0874",51,19,1,"Premium",10,23.3185487979595,6,0
"CZA0875",71,18,1,"Standard",9,9.12750793952969,24,0
"CZA0876",60,17,4,"Basic",6,10.3929780047397,1,1
"CZA0877",19,6,2,"Basic",7,13.2913713592286,12,0
"CZA0878",61,13,1,"Basic",6,31.5072935096806,6,0
"CZA0879",73,14,4,"Basic",7,12.7169174468077,6,0
"CZA0880",57,9,1,"Basic",6,2.72106147660811,1,0
"CZA0881",25,13,3,"Basic",4,3.58422425811452,12,1
"CZA0882",75,11,1,"Standard",6,2.42876141217953,24,0
"CZA0883",60,14,1,"Basic",4,1.00603540115605,1,0
"CZA0884",27,6,1,"Standard",2,18.2381170873027,24,0
"CZA0885",64,14,0,"Basic",7,5.2299059127566,6,0
"CZA0886",76,14,3,"Premium",7,9.74232187135119,1,0
"CZA0887",44,22,1,"Premium",10,16.8969392692873,24,0
"CZA0888",36,3,1,"Basic",5,5.16402912922125,6,0
"CZA0889",34,13,1,"Basic",6,6.72292041661933,24,0
"CZA0890",32,16,2,"Premium",6,9.44210861707797,1,0
"CZA0891",53,18,2,"Basic",9,8.65481189984928,6,0
"CZA0892",65,9,6,"Premium",8,4.29726736978689,1,0
"CZA0893",60,10,1,"Basic",7,12.3242753985109,6,1
"CZA0894",52,19,3,"Standard",8,10.8259374410024,6,0
"CZA0895",68,16,5,"Basic",7,6.03807645104552,6,0
"CZA0896",65,15,2,"Basic",9,3.14034718537509,12,0
"CZA0897",19,18,1,"Premium",4,11.5113501350101,24,0
"CZA0898",42,9,3,"Premium",7,20.0707545725728,24,0
"CZA0899",21,17,0,"Basic",7,19.4211415898844,12,0
"CZA0900",67,14,2,"Basic",5,13.6105359736239,6,0
"CZA0901",75,4,2,"Basic",6,5.26881485436694,1,0
"CZA0902",52,12,1,"Basic",5,5.09396831439644,12,0
"CZA0903",71,22,1,"Premium",9,4.89698970489929,24,0
"CZA0904",54,17,4,"Basic",8,5.53898622262859,6,0
"CZA0905",59,12,2,"Standard",7,12.1390792067685,1,0
"CZA0906",50,22,2,"Premium",6,8.84168728230109,24,0
"CZA0907",65,15,2,"Premium",7,2.01485571945453,1,0
"CZA0908",74,15,3,"Basic",6,2.0089027131095,12,0
"CZA0909",69,20,2,"Standard",7,7.27188930290091,12,0
"CZA0910",22,15,2,"Basic",5,8.2067511219779,24,0
"CZA0911",18,14,0,"Premium",5,1.4692733525401,24,0
"CZA0912",21,17,2,"Basic",6,4.17238135822511,12,0
"CZA0913",72,22,2,"Standard",10,7.53299576151446,1,0
"CZA0914",54,8,2,"Basic",7,20.5579996100724,12,0
"CZA0915",37,14,2,"Standard",7,1.80577866149881,1,0
"CZA0916",77,18,0,"Basic",10,3.06850049883259,24,0
"CZA0917",55,13,0,"Premium",9,3.468718463776,24,0
"CZA0918",51,6,3,"Standard",7,8.35430734078568,24,0
"CZA0919",42,15,3,"Premium",5,9.3146409223939,24,0
"CZA0920",38,20,1,"Standard",10,5.90333554686587,24,0
"CZA0921",68,6,3,"Basic",5,2.39018296745812,6,0
"CZA0922",21,12,2,"Basic",6,4.75222680000388,12,1
"CZA0923",41,18,6,"Basic",8,4.99111738397772,24,0
"CZA0924",71,13,2,"Basic",7,6.41214020735582,6,0
"CZA0925",61,16,2,"Basic",6,23.0120876250562,24,0
"CZA0926",60,21,1,"Basic",9,4.60093999194118,6,0
"CZA0927",40,22,2,"Premium",8,7.79424065656365,24,0
"CZA0928",52,20,0,"Premium",7,4.50965728615509,1,0
"CZA0929",27,17,2,"Standard",7,3.10135931988948,24,0
"CZA0930",67,7,5,"Basic",4,11.5324353265923,24,0
"CZA0931",73,19,2,"Standard",8,3.54153384993046,12,0
"CZA0932",31,16,2,"Basic",7,50.1313435752008,6,0
"CZA0933",66,17,0,"Standard",7,7.88367413884916,12,0
"CZA0934",55,15,0,"Standard",8,7.7073737712744,6,0
"CZA0935",77,11,0,"Premium",3,7.05275522329763,24,0
"CZA0936",28,18,1,"Premium",8,26.8576817310689,12,0
"CZA0937",51,19,2,"Basic",9,11.7605296213152,12,0
"CZA0938",72,12,3,"Standard",8,6.19849517806697,12,0
"CZA0939",72,4,1,"Basic",8,3.26633034263693,6,0
"CZA0940",19,22,3,"Basic",7,3.5711603375195,12,0
"CZA0941",79,14,2,"Premium",5,4.26527853628568,12,0
"CZA0942",48,19,1,"Basic",8,17.2958035321845,1,0
"CZA0943",42,18,0,"Standard",5,6.47347395356136,6,1
"CZA0944",44,21,2,"Basic",10,4.34906536817325,6,0
"CZA0945",24,17,0,"Premium",6,12.8641147741437,6,0
"CZA0946",28,11,3,"Basic",7,18.9466287497776,1,1
"CZA0947",43,24,1,"Standard",8,4.54409215203311,12,0
"CZA0948",39,26,2,"Standard",6,5.41161310379003,24,0
"CZA0949",44,19,3,"Premium",8,9.40930347037898,6,0
"CZA0950",37,18,1,"Premium",6,7.36404146719835,12,0
"CZA0951",53,17,1,"Basic",9,9.82034770950432,6,0
"CZA0952",28,12,3,"Standard",3,24.5310329743974,24,0
"CZA0953",77,17,1,"Standard",7,7.08322570582649,1,0
"CZA0954",21,10,1,"Standard",4,6.07090940057945,6,0
"CZA0955",41,12,2,"Basic",8,10.3790580046874,6,0
"CZA0956",78,17,2,"Basic",6,7.13818704741684,1,0
"CZA0957",58,13,1,"Premium",8,11.4665665328515,6,0
"CZA0958",22,21,3,"Premium",7,6.3168470173103,24,0
"CZA0959",43,20,2,"Premium",8,10.0791194238358,12,0
"CZA0960",44,22,1,"Standard",10,2.4728751566229,6,0
"CZA0961",50,26,6,"Standard",8,7.46132163066915,1,0
"CZA0962",46,12,1,"Standard",9,5.14820859690056,6,0
"CZA0963",57,19,0,"Premium",9,3.21112132039132,24,0
"CZA0964",27,21,1,"Basic",10,5.53367169494723,12,0
"CZA0965",74,18,1,"Premium",4,9.58688924875089,24,0
"CZA0966",53,10,1,"Basic",6,7.88246029103866,6,0
"CZA0967",52,10,1,"Standard",4,12.0063855060643,1,0
"CZA0968",25,24,0,"Premium",10,14.2767090291446,6,0
"CZA0969",65,26,4,"Basic",10,13.1961460467882,6,0
"CZA0970",48,12,2,"Premium",5,5.88765376657975,6,0
"CZA0971",66,16,1,"Standard",6,2.91622701131099,24,0
"CZA0972",21,9,4,"Premium",3,6.0724704826643,12,0
"CZA0973",69,13,2,"Basic",8,16.7560402558823,6,0
"CZA0974",35,13,2,"Standard",9,6.78671174080328,6,0
"CZA0975",36,13,3,"Basic",4,2.34877952989875,12,0
"CZA0976",58,29,2,"Standard",7,10.4225138122817,12,0
"CZA0977",77,6,1,"Basic",7,9.00044047212056,1,0
"CZA0978",18,15,1,"Basic",9,5.5821703443141,6,0
"CZA0979",40,22,5,"Basic",9,8.34241757947549,1,0
"CZA0980",44,10,1,"Basic",6,19.270421752758,6,0
"CZA0981",46,13,3,"Premium",6,18.3464714715155,24,0
"CZA0982",62,15,2,"Standard",8,5.36873425760119,6,0
"CZA0983",75,22,1,"Standard",8,7.44442480041201,6,0
"CZA0984",57,13,1,"Standard",10,2.67015787144456,6,0
"CZA0985",74,10,2,"Standard",5,4.43963724629672,6,0
"CZA0986",65,17,1,"Premium",3,30.1374407713821,1,0
"CZA0987",27,3,2,"Basic",5,21.0859465829652,1,1
"CZA0988",28,8,2,"Standard",4,6.29352729844513,12,0
"CZA0989",30,20,2,"Standard",9,4.55066965150319,6,0
"CZA0990",45,17,1,"Standard",5,2.83874965237943,24,0
"CZA0991",23,6,2,"Premium",5,32.7281740154837,12,0
"CZA0992",32,18,1,"Standard",8,8.00639668164037,12,0
"CZA0993",53,3,4,"Standard",4,4.87556387019959,1,0
"CZA0994",43,11,1,"Basic",3,15.7154945009414,6,0
"CZA0995",53,16,0,"Standard",5,3.42222155268316,1,0
"CZA0996",69,10,4,"Premium",5,12.2876530153622,6,0
"CZA0997",58,23,1,"Premium",10,20.259204055879,1,0
"CZA0998",42,23,3,"Premium",8,6.37816786910883,6,0
"CZA0999",62,10,1,"Basic",8,20.4073812363481,12,0
"CZA1000",25,23,2,"Premium",9,11.5777598322758,24,0
